name	taxonomy_id	taxonomy_lvl	SRR15276518_genus_filtered.bracken_num	SRR15276518_genus_filtered.bracken_frac	SRR15276519_genus_filtered.bracken_num	SRR15276519_genus_filtered.bracken_frac	SRR15276520_genus_filtered.bracken_num	SRR15276520_genus_filtered.bracken_frac	SRR15276521_genus_filtered.bracken_num	SRR15276521_genus_filtered.bracken_frac	SRR15276522_genus_filtered.bracken_num	SRR15276522_genus_filtered.bracken_frac	SRR15276523_genus_filtered.bracken_num	SRR15276523_genus_filtered.bracken_frac	SRR15276524_genus_filtered.bracken_num	SRR15276524_genus_filtered.bracken_frac	SRR15276525_genus_filtered.bracken_num	SRR15276525_genus_filtered.bracken_frac	SRR15276526_genus_filtered.bracken_num	SRR15276526_genus_filtered.bracken_frac	SRR15276527_genus_filtered.bracken_num	SRR15276527_genus_filtered.bracken_frac	SRR15276528_genus_filtered.bracken_num	SRR15276528_genus_filtered.bracken_frac	SRR15276529_genus_filtered.bracken_num	SRR15276529_genus_filtered.bracken_frac	SRR15276530_genus_filtered.bracken_num	SRR15276530_genus_filtered.bracken_frac	SRR15276531_genus_filtered.bracken_num	SRR15276531_genus_filtered.bracken_frac	SRR15276532_genus_filtered.bracken_num	SRR15276532_genus_filtered.bracken_frac	SRR15276533_genus_filtered.bracken_num	SRR15276533_genus_filtered.bracken_frac	SRR15276534_genus_filtered.bracken_num	SRR15276534_genus_filtered.bracken_frac	SRR15276535_genus_filtered.bracken_num	SRR15276535_genus_filtered.bracken_frac	SRR15276536_genus_filtered.bracken_num	SRR15276536_genus_filtered.bracken_frac	SRR15276537_genus_filtered.bracken_num	SRR15276537_genus_filtered.bracken_frac	SRR15276538_genus_filtered.bracken_num	SRR15276538_genus_filtered.bracken_frac	SRR15276539_genus_filtered.bracken_num	SRR15276539_genus_filtered.bracken_frac	SRR15276540_genus_filtered.bracken_num	SRR15276540_genus_filtered.bracken_frac	SRR15276541_genus_filtered.bracken_num	SRR15276541_genus_filtered.bracken_frac	SRR15276542_genus_filtered.bracken_num	SRR15276542_genus_filtered.bracken_frac	SRR15276543_genus_filtered.bracken_num	SRR15276543_genus_filtered.bracken_frac	SRR15276544_genus_filtered.bracken_num	SRR15276544_genus_filtered.bracken_frac	SRR15276545_genus_filtered.bracken_num	SRR15276545_genus_filtered.bracken_frac	SRR15276546_genus_filtered.bracken_num	SRR15276546_genus_filtered.bracken_frac	SRR15276547_genus_filtered.bracken_num	SRR15276547_genus_filtered.bracken_frac
Homo	9605	G	547713	0.52254	6614176	0.63057	852144	0.22933	4977308	0.61197	453846	0.15373	2360415	0.44408	2754688	0.54875	556167	0.45055	833020	0.45779	5382229	0.59288	717526	0.55074	438881	0.10404	302578	0.16209	308604	0.17238	343297	0.05596	381543	0.25375	992833	0.31098	1627117	0.25071	277717	0.06695	350454	0.13697	449608	0.08177	2629974	0.51864	303154	0.36822	742355	0.27939	303232	0.20216	3602404	0.49219	410932	0.17524	1725418	0.33855	328740	0.35735	1835457	0.45354
Enterococcus	1350	G	228480	0.21798	840705	0.08015	547756	0.14741	5649	0.00069	2323960	0.78720	1832094	0.34469	740163	0.14744	228722	0.18529	94799	0.05210	8975	0.00099	70698	0.05426	2523323	0.59818	1399147	0.74950	1085629	0.60640	2572107	0.41929	780693	0.51921	996616	0.31216	3781287	0.58262	3610169	0.87035	1780417	0.69586	3829121	0.69643	3272	0.00065	281399	0.34179	1165121	0.43850	1101308	0.73423	1767358	0.24147	1746723	0.74490	2256739	0.44280	391686	0.42578	1181257	0.29189
Curtobacterium	2034	G	218350	0.20832	2875079	0.27410	366945	0.09875	2973956	0.36566	78114	0.02646	990015	0.18626	1281343	0.25525	154018	0.12477	486044	0.26711	3522746	0.38805	265441	0.20374	65563	0.01554	1554	0.00083	3067	0.00171	50395	0.00822	3335	0.00222	40873	0.01280	617390	0.09513	5695	0.00137	4005	0.00157	97077	0.01766	2071654	0.40854	3648	0.00443	328436	0.12361	8517	0.00568	1672030	0.22845	6422	0.00274	692288	0.13584	19187	0.02086	824982	0.20385
Rhodococcus	1827	G	16481	0.01572	14215	0.00136	778974	0.20963	4551	0.00056	24534	0.00831	3601	0.00068	47603	0.00948	108419	0.08783	169265	0.09302	17852	0.00197	60396	0.04636	428666	0.10162	65979	0.03534	166005	0.09273	1204205	0.19630	129745	0.08629	433064	0.13565	45936	0.00708	64877	0.01564	146532	0.05727	27108	0.00493	2132	0.00042	54794	0.06655	19249	0.00724	27106	0.01807	9836	0.00134	39890	0.01701	15987	0.00314	16352	0.01778	11678	0.00289
Symbiopectobacterium	801	G	7878	0.00752	27887	0.00266	29270	0.00788	47186	0.00580	25018	0.00847	67775	0.01275	79974	0.01593	32786	0.02656	5901	0.00324	14032	0.00155	64692	0.04965	102316	0.02426	7239	0.00388	2485	0.00139	86357	0.01408	25627	0.01704	50132	0.01570	223910	0.03450	72038	0.01737	54533	0.02131	740808	0.13474	50398	0.00994	77219	0.09379	258042	0.09712	18096	0.01206	146631	0.02003	54507	0.02324	251402	0.04933	94622	0.10286	108283	0.02676
Wolbachia	953	G	5161	0.00492	2566	0.00024	5484	0.00148	2143	0.00026	5815	0.00197	3328	0.00063	2346	0.00047	6252	0.00506	3890	0.00214	3100	0.00034	5794	0.00445	5606	0.00133	5001	0.00268	5314	0.00297	5461	0.00089	5946	0.00395	3936	0.00123	4823	0.00074	4182	0.00101	5793	0.00226	4343	0.00079	2965	0.00058	5199	0.00631	4990	0.00188	4638	0.00309	2907	0.00040	6081	0.00259	4206	0.00083	4674	0.00508	3564	0.00088
Streptomyces	1883	G	3647	0.00348	6242	0.00060	141809	0.03816	3598	0.00044	4981	0.00169	2069	0.00039	10185	0.00203	20595	0.01668	30318	0.01666	6479	0.00071	11888	0.00912	81821	0.01940	13219	0.00708	31502	0.01760	227003	0.03701	24752	0.01646	90426	0.02832	11887	0.00183	12624	0.00304	28173	0.01101	6079	0.00111	8239	0.00162	11279	0.01370	4472	0.00168	5800	0.00387	3835	0.00052	8082	0.00345	4147	0.00081	3827	0.00416	3471	0.00086
Mycolicibacterium	1866885	G	3099	0.00296	2840	0.00027	143576	0.03864	0	0.00000	4697	0.00159	0	0.00000	9430	0.00188	20340	0.01648	31707	0.01742	3542	0.00039	11634	0.00893	79620	0.01887	12130	0.00650	30321	0.01694	221747	0.03615	23838	0.01585	80165	0.02511	8745	0.00135	12352	0.00298	27019	0.01056	5434	0.00099	0	0.00000	9955	0.01209	3746	0.00141	5139	0.00343	2130	0.00029	7371	0.00314	3200	0.00063	3135	0.00341	2169	0.00054
Nocardia	1817	G	2892	0.00276	2614	0.00025	136149	0.03664	0	0.00000	4302	0.00146	0	0.00000	8319	0.00166	18687	0.01514	29795	0.01637	3379	0.00037	10766	0.00826	75315	0.01785	11480	0.00615	28533	0.01594	208858	0.03405	22333	0.01485	75164	0.02354	8135	0.00125	11422	0.00275	25451	0.00995	4895	0.00089	0	0.00000	9568	0.01162	3377	0.00127	4632	0.00309	1762	0.00024	7229	0.00308	2991	0.00059	2948	0.00320	2048	0.00051
Clostridium	1485	G	2420	0.00231	5246	0.00050	2642	0.00071	4532	0.00056	2767	0.00094	2695	0.00051	2814	0.00056	3164	0.00256	2124	0.00117	5150	0.00057	2808	0.00216	2662	0.00063	2061	0.00110	2116	0.00118	2270	0.00037	2670	0.00178	3277	0.00103	3774	0.00058	1972	0.00048	2612	0.00102	2221	0.00040	3794	0.00075	2112	0.00257	2301	0.00087	2155	0.00144	3615	0.00049	3147	0.00134	2717	0.00053	2328	0.00253	2580	0.00064
Gordonia	2053	G	2263	0.00216	1897	0.00018	103173	0.02777	0	0.00000	3233	0.00110	0	0.00000	6613	0.00132	14344	0.01162	22714	0.01248	2593	0.00029	8005	0.00614	57695	0.01368	8855	0.00474	21844	0.01220	162153	0.02643	17277	0.01149	57967	0.01816	5982	0.00092	8549	0.00206	19641	0.00768	3788	0.00069	0	0.00000	7179	0.00872	2577	0.00097	3798	0.00253	1312	0.00018	5395	0.00230	2146	0.00042	2214	0.00241	1616	0.00040
Virgibacillus	84406	G	2025	0.00193	0	0.00000	2001	0.00054	0	0.00000	2130	0.00072	1197	0.00023	0	0.00000	2616	0.00212	1454	0.00080	1309	0.00014	2187	0.00168	2092	0.00050	1738	0.00093	1833	0.00102	1856	0.00030	2195	0.00146	1477	0.00046	2289	0.00035	1566	0.00038	2191	0.00086	1606	0.00029	1046	0.00021	1837	0.00223	1604	0.00060	1552	0.00103	1046	0.00014	2495	0.00106	1384	0.00027	1876	0.00204	1193	0.00029
Flavobacterium	237	G	1838	0.00175	3913	0.00037	2127	0.00057	3270	0.00040	1901	0.00064	2302	0.00043	2216	0.00044	2361	0.00191	1638	0.00090	3443	0.00038	2207	0.00169	2298	0.00054	1533	0.00082	1642	0.00092	1853	0.00030	2048	0.00136	2568	0.00080	3110	0.00048	1572	0.00038	1963	0.00077	1887	0.00034	2291	0.00045	1615	0.00196	1800	0.00068	1583	0.00106	2721	0.00037	2413	0.00103	2287	0.00045	1785	0.00194	2046	0.00051
Mycobacterium	1763	G	1806	0.00172	1616	0.00015	77690	0.02091	0	0.00000	2605	0.00088	0	0.00000	5057	0.00101	10861	0.00880	17169	0.00944	2019	0.00022	6286	0.00482	42688	0.01012	6854	0.00367	16387	0.00915	120425	0.01963	12717	0.00846	43339	0.01357	5077	0.00078	6720	0.00162	14424	0.00564	2715	0.00049	0	0.00000	5588	0.00679	2019	0.00076	2674	0.00178	0	0.00000	4026	0.00172	1747	0.00034	1670	0.00182	1316	0.00033
Prescottella	2979332	G	1398	0.00133	0	0.00000	69764	0.01877	0	0.00000	2122	0.00072	0	0.00000	3971	0.00079	9620	0.00779	15023	0.00826	1632	0.00018	5329	0.00409	40001	0.00948	6195	0.00332	14950	0.00835	110833	0.01807	12120	0.00806	39772	0.01246	4112	0.00063	5819	0.00140	13354	0.00522	2452	0.00045	0	0.00000	4882	0.00593	1705	0.00064	2437	0.00162	0	0.00000	3711	0.00158	1366	0.00027	1521	0.00165	0	0.00000
Bacillus	1386	G	1396	0.00133	4412	0.00042	2379	0.00064	5981	0.00074	1825	0.00062	2020	0.00038	2126	0.00042	1830	0.00148	1806	0.00099	8491	0.00094	1987	0.00153	1911	0.00045	1297	0.00069	1336	0.00075	1685	0.00027	1612	0.00107	2675	0.00084	2889	0.00045	1457	0.00035	1557	0.00061	1821	0.00033	2428	0.00048	1325	0.00161	1485	0.00056	1412	0.00094	2855	0.00039	1851	0.00079	1876	0.00037	1373	0.00149	1942	0.00048
Staphylococcus	1279	G	1322	0.00126	14965	0.00143	2270	0.00061	21476	0.00264	0	0.00000	3452	0.00065	5246	0.00105	1437	0.00116	3295	0.00181	24924	0.00275	1963	0.00151	1131	0.00027	0	0.00000	0	0.00000	0	0.00000	0	0.00000	1383	0.00043	2864	0.00044	0	0.00000	0	0.00000	1185	0.00022	8949	0.00176	0	0.00000	1554	0.00058	0	0.00000	5933	0.00081	1295	0.00055	2683	0.00053	0	0.00000	3594	0.00089
Halomonas	2745	G	0	0.00000	16176	0.00154	2190	0.00059	13165	0.00162	0	0.00000	5214	0.00098	6430	0.00128	0	0.00000	1826	0.00100	13928	0.00153	1099	0.00084	0	0.00000	0	0.00000	0	0.00000	1533	0.00025	0	0.00000	0	0.00000	2857	0.00044	0	0.00000	0	0.00000	0	0.00000	7221	0.00142	0	0.00000	1328	0.00050	0	0.00000	8256	0.00113	0	0.00000	3501	0.00069	0	0.00000	4215	0.00104
Klebsiella	570	G	0	0.00000	14557	0.00139	5336	0.00144	21825	0.00268	0	0.00000	5737	0.00108	7382	0.00147	0	0.00000	0	0.00000	26317	0.00290	4802	0.00369	4052	0.00096	0	0.00000	0	0.00000	4646	0.00076	0	0.00000	3094	0.00097	9966	0.00154	3195	0.00077	2630	0.00103	22357	0.00407	13248	0.00261	3530	0.00429	8951	0.00337	0	0.00000	10704	0.00146	2556	0.00109	11389	0.00223	3991	0.00434	6112	0.00151
Exiguobacterium	33986	G	0	0.00000	9305	0.00089	0	0.00000	7261	0.00089	0	0.00000	3016	0.00057	3518	0.00070	0	0.00000	0	0.00000	7939	0.00087	0	0.00000	0	0.00000	0	0.00000	0	0.00000	0	0.00000	0	0.00000	0	0.00000	1501	0.00023	0	0.00000	0	0.00000	0	0.00000	3735	0.00074	0	0.00000	0	0.00000	0	0.00000	4955	0.00068	0	0.00000	2117	0.00042	0	0.00000	2288	0.00057
Vibrio	662	G	0	0.00000	2993	0.00029	0	0.00000	2284	0.00028	0	0.00000	1164	0.00022	1460	0.00029	1092	0.00088	0	0.00000	2495	0.00027	1084	0.00083	1134	0.00027	0	0.00000	0	0.00000	0	0.00000	0	0.00000	2217	0.00069	2140	0.00033	0	0.00000	0	0.00000	1226	0.00022	1318	0.00026	0	0.00000	0	0.00000	0	0.00000	1731	0.00024	0	0.00000	1128	0.00022	0	0.00000	1159	0.00029
Pseudomonas	286	G	0	0.00000	2924	0.00028	15577	0.00419	2572	0.00032	0	0.00000	1264	0.00024	1951	0.00039	3442	0.00279	5028	0.00276	2902	0.00032	2115	0.00162	7075	0.00168	2293	0.00123	4363	0.00244	21434	0.00349	3575	0.00238	8837	0.00277	2557	0.00039	1562	0.00038	2688	0.00105	2232	0.00041	2874	0.00057	1362	0.00165	1403	0.00053	0	0.00000	1978	0.00027	1373	0.00059	1509	0.00030	0	0.00000	1430	0.00035
Limosilactobacillus	2742598	G	0	0.00000	2366	0.00023	0	0.00000	0	0.00000	0	0.00000	0	0.00000	0	0.00000	0	0.00000	0	0.00000	0	0.00000	0	0.00000	0	0.00000	0	0.00000	0	0.00000	0	0.00000	0	0.00000	0	0.00000	0	0.00000	0	0.00000	0	0.00000	0	0.00000	0	0.00000	0	0.00000	0	0.00000	0	0.00000	0	0.00000	0	0.00000	0	0.00000	0	0.00000	0	0.00000
Chryseobacterium	59732	G	0	0.00000	2208	0.00021	0	0.00000	1882	0.00023	1144	0.00039	1120	0.00021	0	0.00000	0	0.00000	0	0.00000	1961	0.00022	0	0.00000	0	0.00000	0	0.00000	0	0.00000	0	0.00000	0	0.00000	1318	0.00041	1506	0.00023	0	0.00000	0	0.00000	0	0.00000	1183	0.00023	0	0.00000	0	0.00000	0	0.00000	1399	0.00019	1164	0.00050	0	0.00000	0	0.00000	0	0.00000
Pectobacterium	122277	G	0	0.00000	2077	0.00020	2136	0.00057	3215	0.00040	1691	0.00057	4708	0.00089	5392	0.00107	2408	0.00195	0	0.00000	0	0.00000	4351	0.00334	6666	0.00158	0	0.00000	0	0.00000	5728	0.00093	1838	0.00122	3482	0.00109	14972	0.00231	4912	0.00118	3895	0.00152	48759	0.00887	3644	0.00072	5341	0.00649	16799	0.00632	1396	0.00093	9869	0.00135	3974	0.00169	16968	0.00333	6677	0.00726	7204	0.00178
Acinetobacter	469	G	0	0.00000	2049	0.00020	0	0.00000	1624	0.00020	0	0.00000	1089	0.00020	0	0.00000	0	0.00000	0	0.00000	1893	0.00021	0	0.00000	0	0.00000	0	0.00000	0	0.00000	0	0.00000	0	0.00000	1232	0.00039	1268	0.00020	0	0.00000	0	0.00000	0	0.00000	1170	0.00023	0	0.00000	0	0.00000	0	0.00000	1347	0.00018	0	0.00000	1075	0.00021	0	0.00000	0	0.00000
Lactobacillus	1578	G	0	0.00000	1882	0.00018	0	0.00000	0	0.00000	0	0.00000	0	0.00000	0	0.00000	0	0.00000	0	0.00000	0	0.00000	0	0.00000	0	0.00000	0	0.00000	0	0.00000	0	0.00000	0	0.00000	0	0.00000	0	0.00000	0	0.00000	0	0.00000	0	0.00000	0	0.00000	0	0.00000	0	0.00000	0	0.00000	0	0.00000	0	0.00000	0	0.00000	0	0.00000	0	0.00000
Paenibacillus	44249	G	0	0.00000	1843	0.00018	1149	0.00031	1533	0.00019	0	0.00000	0	0.00000	0	0.00000	0	0.00000	0	0.00000	1677	0.00018	0	0.00000	0	0.00000	0	0.00000	0	0.00000	1309	0.00021	0	0.00000	1952	0.00061	1276	0.00020	0	0.00000	0	0.00000	0	0.00000	0	0.00000	0	0.00000	0	0.00000	0	0.00000	1134	0.00015	0	0.00000	0	0.00000	0	0.00000	0	0.00000
Aggregatibacter	416916	G	0	0.00000	1765	0.00017	0	0.00000	1198	0.00015	0	0.00000	0	0.00000	0	0.00000	0	0.00000	0	0.00000	1309	0.00014	0	0.00000	0	0.00000	0	0.00000	0	0.00000	0	0.00000	0	0.00000	0	0.00000	0	0.00000	0	0.00000	0	0.00000	0	0.00000	0	0.00000	0	0.00000	0	0.00000	0	0.00000	0	0.00000	0	0.00000	0	0.00000	0	0.00000	0	0.00000
Erwinia	551	G	0	0.00000	1750	0.00017	2145	0.00058	2562	0.00032	1792	0.00061	3635	0.00068	4157	0.00083	2326	0.00188	0	0.00000	1137	0.00013	3671	0.00282	5440	0.00129	0	0.00000	0	0.00000	4692	0.00076	1839	0.00122	2850	0.00089	11360	0.00175	3824	0.00092	3133	0.00122	35700	0.00649	2821	0.00056	4089	0.00497	12632	0.00475	1331	0.00089	7249	0.00099	3313	0.00141	12301	0.00241	5109	0.00555	5571	0.00138
Streptococcus	1301	G	0	0.00000	1507	0.00014	0	0.00000	0	0.00000	0	0.00000	0	0.00000	0	0.00000	0	0.00000	0	0.00000	1228	0.00014	0	0.00000	0	0.00000	0	0.00000	0	0.00000	0	0.00000	0	0.00000	0	0.00000	0	0.00000	0	0.00000	0	0.00000	0	0.00000	0	0.00000	0	0.00000	0	0.00000	0	0.00000	0	0.00000	0	0.00000	0	0.00000	0	0.00000	0	0.00000
Listeria	1637	G	0	0.00000	1423	0.00014	0	0.00000	0	0.00000	3484	0.00118	2401	0.00045	1059	0.00021	0	0.00000	0	0.00000	0	0.00000	0	0.00000	3456	0.00082	1891	0.00101	1613	0.00090	3569	0.00058	1202	0.00080	1487	0.00047	5451	0.00084	5073	0.00122	2478	0.00097	5445	0.00099	0	0.00000	0	0.00000	1731	0.00065	1740	0.00116	2503	0.00034	2587	0.00110	3207	0.00063	0	0.00000	1761	0.00044
Sodalis	84565	G	0	0.00000	1412	0.00013	1581	0.00043	2376	0.00029	1197	0.00041	3458	0.00065	4011	0.00080	1786	0.00145	0	0.00000	0	0.00000	3312	0.00254	5021	0.00119	0	0.00000	0	0.00000	4245	0.00069	1288	0.00086	2516	0.00079	11599	0.00179	3664	0.00088	2777	0.00109	38478	0.00700	2591	0.00051	3955	0.00480	12639	0.00476	0	0.00000	7355	0.00100	3000	0.00128	12372	0.00243	4870	0.00529	5373	0.00133
Campylobacter	194	G	0	0.00000	1374	0.00013	0	0.00000	1211	0.00015	0	0.00000	0	0.00000	0	0.00000	0	0.00000	0	0.00000	1275	0.00014	0	0.00000	0	0.00000	0	0.00000	0	0.00000	0	0.00000	0	0.00000	0	0.00000	0	0.00000	0	0.00000	0	0.00000	0	0.00000	0	0.00000	0	0.00000	0	0.00000	0	0.00000	0	0.00000	0	0.00000	0	0.00000	0	0.00000	0	0.00000
Microbacterium	33882	G	0	0.00000	1150	0.00011	37980	0.01022	0	0.00000	1040	0.00035	0	0.00000	2338	0.00047	5253	0.00426	7951	0.00437	1012	0.00011	2816	0.00216	22730	0.00539	4135	0.00222	9700	0.00542	65007	0.01060	7591	0.00505	23351	0.00731	2324	0.00036	3477	0.00084	8539	0.00334	1331	0.00024	2900	0.00057	3215	0.00390	0	0.00000	1400	0.00093	0	0.00000	2143	0.00091	0	0.00000	0	0.00000	0	0.00000
Polaribacter	52959	G	0	0.00000	1088	0.00010	0	0.00000	0	0.00000	0	0.00000	0	0.00000	0	0.00000	0	0.00000	0	0.00000	1113	0.00012	0	0.00000	0	0.00000	0	0.00000	0	0.00000	0	0.00000	0	0.00000	0	0.00000	0	0.00000	0	0.00000	0	0.00000	0	0.00000	0	0.00000	0	0.00000	0	0.00000	0	0.00000	0	0.00000	0	0.00000	0	0.00000	0	0.00000	0	0.00000
Pantoea	53335	G	0	0.00000	1058	0.00010	0	0.00000	1280	0.00016	0	0.00000	1724	0.00032	2019	0.00040	0	0.00000	0	0.00000	0	0.00000	1613	0.00124	2509	0.00059	0	0.00000	0	0.00000	2264	0.00037	0	0.00000	1487	0.00047	5587	0.00086	1706	0.00041	1411	0.00055	17898	0.00326	1326	0.00026	1811	0.00220	5752	0.00216	0	0.00000	3489	0.00048	1495	0.00064	5797	0.00114	2318	0.00252	2619	0.00065
Corynebacterium	1716	G	0	0.00000	0	0.00000	29596	0.00796	0	0.00000	0	0.00000	0	0.00000	1721	0.00034	3910	0.00317	5925	0.00326	0	0.00000	2248	0.00173	16123	0.00382	2560	0.00137	6246	0.00349	44665	0.00728	4982	0.00331	16740	0.00524	1871	0.00029	2653	0.00064	5618	0.00220	0	0.00000	0	0.00000	2090	0.00254	0	0.00000	0	0.00000	0	0.00000	1709	0.00073	0	0.00000	0	0.00000	0	0.00000
Amycolatopsis	1813	G	0	0.00000	0	0.00000	24353	0.00655	0	0.00000	0	0.00000	0	0.00000	1637	0.00033	3709	0.00300	5522	0.00303	0	0.00000	2010	0.00154	13985	0.00332	2229	0.00119	5381	0.00301	38305	0.00624	4324	0.00288	14438	0.00452	1675	0.00026	2071	0.00050	4895	0.00191	0	0.00000	0	0.00000	1872	0.00227	0	0.00000	0	0.00000	0	0.00000	1453	0.00062	0	0.00000	0	0.00000	0	0.00000
Nocardioides	1839	G	0	0.00000	0	0.00000	23734	0.00639	0	0.00000	0	0.00000	0	0.00000	1512	0.00030	3375	0.00273	5179	0.00285	0	0.00000	1815	0.00139	13734	0.00326	2095	0.00112	5405	0.00302	38506	0.00628	4228	0.00281	14181	0.00444	1477	0.00023	2054	0.00050	4794	0.00187	0	0.00000	1260	0.00025	1752	0.00213	0	0.00000	0	0.00000	0	0.00000	1313	0.00056	0	0.00000	0	0.00000	0	0.00000
Cellulomonas	1707	G	0	0.00000	0	0.00000	16596	0.00447	0	0.00000	0	0.00000	0	0.00000	0	0.00000	2217	0.00180	3286	0.00181	0	0.00000	1248	0.00096	10040	0.00238	1896	0.00102	4287	0.00239	28410	0.00463	3340	0.00222	10256	0.00321	0	0.00000	1551	0.00037	3644	0.00142	0	0.00000	1753	0.00035	0	0.00000	0	0.00000	0	0.00000	0	0.00000	0	0.00000	0	0.00000	0	0.00000	0	0.00000
Pseudonocardia	1847	G	0	0.00000	0	0.00000	16062	0.00432	0	0.00000	0	0.00000	0	0.00000	0	0.00000	2199	0.00178	3544	0.00195	0	0.00000	1265	0.00097	9256	0.00219	1434	0.00077	3589	0.00200	26141	0.00426	2860	0.00190	9623	0.00301	0	0.00000	1423	0.00034	3287	0.00128	0	0.00000	0	0.00000	0	0.00000	0	0.00000	0	0.00000	0	0.00000	0	0.00000	0	0.00000	0	0.00000	0	0.00000
Tsukamurella	2060	G	0	0.00000	0	0.00000	15169	0.00408	0	0.00000	0	0.00000	0	0.00000	0	0.00000	2190	0.00177	3473	0.00191	0	0.00000	1202	0.00092	8369	0.00198	1369	0.00073	3284	0.00183	23919	0.00390	2539	0.00169	8598	0.00269	0	0.00000	1325	0.00032	2888	0.00113	0	0.00000	0	0.00000	0	0.00000	0	0.00000	0	0.00000	0	0.00000	0	0.00000	0	0.00000	0	0.00000	0	0.00000
Dietzia	37914	G	0	0.00000	0	0.00000	14254	0.00384	0	0.00000	0	0.00000	0	0.00000	0	0.00000	1930	0.00156	3064	0.00168	0	0.00000	0	0.00000	8424	0.00200	0	0.00000	3086	0.00172	23226	0.00379	2353	0.00156	7979	0.00250	0	0.00000	0	0.00000	2926	0.00114	0	0.00000	0	0.00000	0	0.00000	0	0.00000	0	0.00000	0	0.00000	0	0.00000	0	0.00000	0	0.00000	0	0.00000
Micromonospora	1873	G	0	0.00000	0	0.00000	13801	0.00371	0	0.00000	0	0.00000	0	0.00000	0	0.00000	1861	0.00151	2918	0.00160	0	0.00000	1118	0.00086	7505	0.00178	0	0.00000	2908	0.00162	21030	0.00343	2443	0.00162	8160	0.00256	0	0.00000	0	0.00000	2739	0.00107	0	0.00000	0	0.00000	0	0.00000	0	0.00000	0	0.00000	0	0.00000	0	0.00000	0	0.00000	0	0.00000	0	0.00000
Mycolicibacter	1073531	G	0	0.00000	0	0.00000	11704	0.00315	0	0.00000	0	0.00000	0	0.00000	0	0.00000	1592	0.00129	2542	0.00140	0	0.00000	0	0.00000	6222	0.00147	0	0.00000	2471	0.00138	16861	0.00275	1674	0.00111	6274	0.00197	0	0.00000	0	0.00000	2107	0.00082	0	0.00000	0	0.00000	0	0.00000	0	0.00000	0	0.00000	0	0.00000	0	0.00000	0	0.00000	0	0.00000	0	0.00000
Arthrobacter	1663	G	0	0.00000	0	0.00000	11498	0.00309	0	0.00000	0	0.00000	0	0.00000	0	0.00000	1625	0.00132	2633	0.00145	0	0.00000	0	0.00000	6906	0.00164	0	0.00000	2617	0.00146	17996	0.00293	2014	0.00134	7098	0.00222	0	0.00000	0	0.00000	2337	0.00091	0	0.00000	3333	0.00066	0	0.00000	0	0.00000	0	0.00000	0	0.00000	0	0.00000	0	0.00000	0	0.00000	0	0.00000
Agromyces	33877	G	0	0.00000	0	0.00000	8989	0.00242	0	0.00000	0	0.00000	0	0.00000	0	0.00000	1281	0.00104	1942	0.00107	0	0.00000	0	0.00000	5174	0.00123	0	0.00000	2384	0.00133	15220	0.00248	1671	0.00111	5383	0.00169	0	0.00000	0	0.00000	2017	0.00079	0	0.00000	0	0.00000	0	0.00000	0	0.00000	0	0.00000	0	0.00000	0	0.00000	0	0.00000	0	0.00000	0	0.00000
Mycobacteroides	670516	G	0	0.00000	0	0.00000	8943	0.00241	0	0.00000	0	0.00000	0	0.00000	0	0.00000	0	0.00000	1889	0.00104	0	0.00000	0	0.00000	5030	0.00119	0	0.00000	1931	0.00108	13620	0.00222	1443	0.00096	5174	0.00162	0	0.00000	0	0.00000	1645	0.00064	0	0.00000	0	0.00000	0	0.00000	0	0.00000	0	0.00000	0	0.00000	0	0.00000	0	0.00000	0	0.00000	0	0.00000
Tomitella	741759	G	0	0.00000	0	0.00000	7642	0.00206	0	0.00000	0	0.00000	0	0.00000	0	0.00000	0	0.00000	1621	0.00089	0	0.00000	0	0.00000	4134	0.00098	0	0.00000	1604	0.00090	11796	0.00192	1227	0.00082	4345	0.00136	0	0.00000	0	0.00000	1395	0.00055	0	0.00000	0	0.00000	0	0.00000	0	0.00000	0	0.00000	0	0.00000	0	0.00000	0	0.00000	0	0.00000	0	0.00000
Burkholderia	32008	G	0	0.00000	0	0.00000	7479	0.00201	0	0.00000	0	0.00000	0	0.00000	0	0.00000	0	0.00000	2022	0.00111	0	0.00000	0	0.00000	4506	0.00107	0	0.00000	1882	0.00105	11889	0.00194	1517	0.00101	4459	0.00140	0	0.00000	0	0.00000	1689	0.00066	0	0.00000	1969	0.00039	0	0.00000	0	0.00000	0	0.00000	0	0.00000	0	0.00000	0	0.00000	0	0.00000	0	0.00000
Brevibacterium	1696	G	0	0.00000	0	0.00000	6553	0.00176	0	0.00000	0	0.00000	0	0.00000	0	0.00000	0	0.00000	1312	0.00072	0	0.00000	0	0.00000	4088	0.00097	0	0.00000	1765	0.00099	11223	0.00183	0	0.00000	4266	0.00134	0	0.00000	0	0.00000	1523	0.00060	0	0.00000	0	0.00000	0	0.00000	0	0.00000	0	0.00000	0	0.00000	0	0.00000	0	0.00000	0	0.00000	0	0.00000
Bradyrhizobium	374	G	0	0.00000	0	0.00000	6208	0.00167	0	0.00000	0	0.00000	0	0.00000	0	0.00000	0	0.00000	1572	0.00086	0	0.00000	0	0.00000	3631	0.00086	0	0.00000	1451	0.00081	9199	0.00150	1224	0.00081	3743	0.00117	0	0.00000	0	0.00000	1355	0.00053	0	0.00000	1186	0.00023	0	0.00000	0	0.00000	0	0.00000	0	0.00000	0	0.00000	0	0.00000	0	0.00000	0	0.00000
Actinoplanes	1865	G	0	0.00000	0	0.00000	6156	0.00166	0	0.00000	0	0.00000	0	0.00000	0	0.00000	0	0.00000	1237	0.00068	0	0.00000	0	0.00000	3550	0.00084	0	0.00000	1413	0.00079	9979	0.00163	0	0.00000	3598	0.00113	0	0.00000	0	0.00000	0	0.00000	0	0.00000	0	0.00000	0	0.00000	0	0.00000	0	0.00000	0	0.00000	0	0.00000	0	0.00000	0	0.00000	0	0.00000
Actinomadura	1988	G	0	0.00000	0	0.00000	5752	0.00155	0	0.00000	0	0.00000	0	0.00000	0	0.00000	0	0.00000	1387	0.00076	0	0.00000	0	0.00000	3428	0.00081	0	0.00000	1343	0.00075	9445	0.00154	0	0.00000	3502	0.00110	0	0.00000	0	0.00000	0	0.00000	0	0.00000	0	0.00000	0	0.00000	0	0.00000	0	0.00000	0	0.00000	0	0.00000	0	0.00000	0	0.00000	0	0.00000
Saccharopolyspora	1835	G	0	0.00000	0	0.00000	5725	0.00154	0	0.00000	0	0.00000	0	0.00000	0	0.00000	0	0.00000	1366	0.00075	0	0.00000	0	0.00000	3278	0.00078	0	0.00000	0	0.00000	9232	0.00150	0	0.00000	3490	0.00109	0	0.00000	0	0.00000	0	0.00000	0	0.00000	0	0.00000	0	0.00000	0	0.00000	0	0.00000	0	0.00000	0	0.00000	0	0.00000	0	0.00000	0	0.00000
Sphingomonas	13687	G	0	0.00000	0	0.00000	5314	0.00143	0	0.00000	0	0.00000	0	0.00000	0	0.00000	0	0.00000	1383	0.00076	0	0.00000	0	0.00000	3217	0.00076	0	0.00000	0	0.00000	8002	0.00130	0	0.00000	3413	0.00107	0	0.00000	0	0.00000	0	0.00000	0	0.00000	5647	0.00111	0	0.00000	0	0.00000	0	0.00000	0	0.00000	0	0.00000	0	0.00000	0	0.00000	0	0.00000
Brachybacterium	43668	G	0	0.00000	0	0.00000	4859	0.00131	0	0.00000	0	0.00000	0	0.00000	0	0.00000	0	0.00000	0	0.00000	0	0.00000	0	0.00000	2905	0.00069	0	0.00000	0	0.00000	8109	0.00132	0	0.00000	2944	0.00092	0	0.00000	0	0.00000	0	0.00000	0	0.00000	0	0.00000	0	0.00000	0	0.00000	0	0.00000	0	0.00000	0	0.00000	0	0.00000	0	0.00000	0	0.00000
Aeromicrobium	2040	G	0	0.00000	0	0.00000	4538	0.00122	0	0.00000	0	0.00000	0	0.00000	0	0.00000	0	0.00000	1087	0.00060	0	0.00000	0	0.00000	2800	0.00066	0	0.00000	0	0.00000	7386	0.00120	0	0.00000	2645	0.00083	0	0.00000	0	0.00000	0	0.00000	0	0.00000	0	0.00000	0	0.00000	0	0.00000	0	0.00000	0	0.00000	0	0.00000	0	0.00000	0	0.00000	0	0.00000
Rathayibacter	33886	G	0	0.00000	0	0.00000	4452	0.00120	0	0.00000	0	0.00000	0	0.00000	0	0.00000	0	0.00000	0	0.00000	0	0.00000	0	0.00000	2493	0.00059	0	0.00000	0	0.00000	7395	0.00121	0	0.00000	2709	0.00085	0	0.00000	0	0.00000	0	0.00000	0	0.00000	0	0.00000	0	0.00000	0	0.00000	0	0.00000	0	0.00000	0	0.00000	0	0.00000	0	0.00000	0	0.00000
Saccharomonospora	1851	G	0	0.00000	0	0.00000	4430	0.00119	0	0.00000	0	0.00000	0	0.00000	0	0.00000	0	0.00000	0	0.00000	0	0.00000	0	0.00000	2576	0.00061	0	0.00000	0	0.00000	7147	0.00117	0	0.00000	2616	0.00082	0	0.00000	0	0.00000	0	0.00000	0	0.00000	0	0.00000	0	0.00000	0	0.00000	0	0.00000	0	0.00000	0	0.00000	0	0.00000	0	0.00000	0	0.00000
Cellulosimicrobium	157920	G	0	0.00000	0	0.00000	4084	0.00110	0	0.00000	0	0.00000	0	0.00000	0	0.00000	0	0.00000	0	0.00000	0	0.00000	0	0.00000	2287	0.00054	0	0.00000	0	0.00000	6743	0.00110	0	0.00000	2485	0.00078	0	0.00000	0	0.00000	0	0.00000	0	0.00000	0	0.00000	0	0.00000	0	0.00000	0	0.00000	0	0.00000	0	0.00000	0	0.00000	0	0.00000	0	0.00000
Agrococcus	46352	G	0	0.00000	0	0.00000	4017	0.00108	0	0.00000	0	0.00000	0	0.00000	0	0.00000	0	0.00000	0	0.00000	0	0.00000	0	0.00000	2177	0.00052	0	0.00000	0	0.00000	6582	0.00107	0	0.00000	2435	0.00076	0	0.00000	0	0.00000	0	0.00000	0	0.00000	0	0.00000	0	0.00000	0	0.00000	0	0.00000	0	0.00000	0	0.00000	0	0.00000	0	0.00000	0	0.00000
Kutzneria	43356	G	0	0.00000	0	0.00000	3846	0.00104	0	0.00000	0	0.00000	0	0.00000	0	0.00000	0	0.00000	0	0.00000	0	0.00000	0	0.00000	2176	0.00052	0	0.00000	0	0.00000	6410	0.00104	0	0.00000	2482	0.00078	0	0.00000	0	0.00000	0	0.00000	0	0.00000	0	0.00000	0	0.00000	0	0.00000	0	0.00000	0	0.00000	0	0.00000	0	0.00000	0	0.00000	0	0.00000
Leucobacter	55968	G	0	0.00000	0	0.00000	3661	0.00099	0	0.00000	0	0.00000	0	0.00000	0	0.00000	0	0.00000	0	0.00000	0	0.00000	0	0.00000	2197	0.00052	0	0.00000	0	0.00000	5926	0.00097	0	0.00000	2067	0.00065	0	0.00000	0	0.00000	0	0.00000	0	0.00000	0	0.00000	0	0.00000	0	0.00000	0	0.00000	0	0.00000	0	0.00000	0	0.00000	0	0.00000	0	0.00000
Janibacter	53457	G	0	0.00000	0	0.00000	3122	0.00084	0	0.00000	0	0.00000	0	0.00000	0	0.00000	0	0.00000	0	0.00000	0	0.00000	0	0.00000	1976	0.00047	0	0.00000	0	0.00000	5287	0.00086	0	0.00000	1893	0.00059	0	0.00000	0	0.00000	0	0.00000	0	0.00000	0	0.00000	0	0.00000	0	0.00000	0	0.00000	0	0.00000	0	0.00000	0	0.00000	0	0.00000	0	0.00000
Mycolicibacillus	2126281	G	0	0.00000	0	0.00000	3084	0.00083	0	0.00000	0	0.00000	0	0.00000	0	0.00000	0	0.00000	0	0.00000	0	0.00000	0	0.00000	1552	0.00037	0	0.00000	0	0.00000	4594	0.00075	0	0.00000	1611	0.00050	0	0.00000	0	0.00000	0	0.00000	0	0.00000	0	0.00000	0	0.00000	0	0.00000	0	0.00000	0	0.00000	0	0.00000	0	0.00000	0	0.00000	0	0.00000
Nocardiopsis	2013	G	0	0.00000	0	0.00000	2880	0.00078	0	0.00000	0	0.00000	0	0.00000	0	0.00000	0	0.00000	0	0.00000	0	0.00000	0	0.00000	1563	0.00037	0	0.00000	0	0.00000	4437	0.00072	0	0.00000	1710	0.00054	0	0.00000	0	0.00000	0	0.00000	0	0.00000	0	0.00000	0	0.00000	0	0.00000	0	0.00000	0	0.00000	0	0.00000	0	0.00000	0	0.00000	0	0.00000
Saccharothrix	2071	G	0	0.00000	0	0.00000	2868	0.00077	0	0.00000	0	0.00000	0	0.00000	0	0.00000	0	0.00000	0	0.00000	0	0.00000	0	0.00000	1621	0.00038	0	0.00000	0	0.00000	4306	0.00070	0	0.00000	1573	0.00049	0	0.00000	0	0.00000	0	0.00000	0	0.00000	0	0.00000	0	0.00000	0	0.00000	0	0.00000	0	0.00000	0	0.00000	0	0.00000	0	0.00000	0	0.00000
Mesorhizobium	68287	G	0	0.00000	0	0.00000	2830	0.00076	0	0.00000	0	0.00000	0	0.00000	0	0.00000	0	0.00000	0	0.00000	0	0.00000	0	0.00000	1545	0.00037	0	0.00000	0	0.00000	4214	0.00069	0	0.00000	1753	0.00055	0	0.00000	0	0.00000	0	0.00000	0	0.00000	0	0.00000	0	0.00000	0	0.00000	0	0.00000	0	0.00000	0	0.00000	0	0.00000	0	0.00000	0	0.00000
Paraburkholderia	1822464	G	0	0.00000	0	0.00000	2823	0.00076	0	0.00000	0	0.00000	0	0.00000	0	0.00000	0	0.00000	0	0.00000	0	0.00000	0	0.00000	1758	0.00042	0	0.00000	0	0.00000	4421	0.00072	0	0.00000	1923	0.00060	0	0.00000	0	0.00000	0	0.00000	0	0.00000	0	0.00000	0	0.00000	0	0.00000	0	0.00000	0	0.00000	0	0.00000	0	0.00000	0	0.00000	0	0.00000
Methylobacterium	407	G	0	0.00000	0	0.00000	2761	0.00074	0	0.00000	0	0.00000	0	0.00000	0	0.00000	0	0.00000	0	0.00000	0	0.00000	0	0.00000	1681	0.00040	0	0.00000	0	0.00000	4338	0.00071	0	0.00000	1791	0.00056	0	0.00000	0	0.00000	0	0.00000	0	0.00000	2188	0.00043	0	0.00000	0	0.00000	0	0.00000	0	0.00000	0	0.00000	0	0.00000	0	0.00000	0	0.00000
Skermania	59613	G	0	0.00000	0	0.00000	2705	0.00073	0	0.00000	0	0.00000	0	0.00000	0	0.00000	0	0.00000	0	0.00000	0	0.00000	0	0.00000	1386	0.00033	0	0.00000	0	0.00000	3990	0.00065	0	0.00000	1489	0.00047	0	0.00000	0	0.00000	0	0.00000	0	0.00000	0	0.00000	0	0.00000	0	0.00000	0	0.00000	0	0.00000	0	0.00000	0	0.00000	0	0.00000	0	0.00000
Clavibacter	1573	G	0	0.00000	0	0.00000	2632	0.00071	0	0.00000	0	0.00000	0	0.00000	0	0.00000	0	0.00000	0	0.00000	0	0.00000	0	0.00000	1483	0.00035	0	0.00000	0	0.00000	4598	0.00075	0	0.00000	1779	0.00056	0	0.00000	0	0.00000	0	0.00000	0	0.00000	0	0.00000	0	0.00000	0	0.00000	0	0.00000	0	0.00000	0	0.00000	0	0.00000	0	0.00000	0	0.00000
Nonomuraea	83681	G	0	0.00000	0	0.00000	2558	0.00069	0	0.00000	0	0.00000	0	0.00000	0	0.00000	0	0.00000	0	0.00000	0	0.00000	0	0.00000	1493	0.00035	0	0.00000	0	0.00000	4151	0.00068	0	0.00000	1642	0.00051	0	0.00000	0	0.00000	0	0.00000	0	0.00000	0	0.00000	0	0.00000	0	0.00000	0	0.00000	0	0.00000	0	0.00000	0	0.00000	0	0.00000	0	0.00000
Actinomyces	1654	G	0	0.00000	0	0.00000	2450	0.00066	0	0.00000	0	0.00000	0	0.00000	0	0.00000	0	0.00000	0	0.00000	0	0.00000	0	0.00000	1396	0.00033	0	0.00000	0	0.00000	3769	0.00061	0	0.00000	1493	0.00047	0	0.00000	0	0.00000	0	0.00000	0	0.00000	0	0.00000	0	0.00000	0	0.00000	0	0.00000	0	0.00000	0	0.00000	0	0.00000	0	0.00000	0	0.00000
Kocuria	57493	G	0	0.00000	0	0.00000	2435	0.00066	0	0.00000	0	0.00000	0	0.00000	0	0.00000	0	0.00000	0	0.00000	0	0.00000	0	0.00000	1423	0.00034	0	0.00000	0	0.00000	4071	0.00066	0	0.00000	1542	0.00048	0	0.00000	0	0.00000	0	0.00000	0	0.00000	157257	0.03101	0	0.00000	0	0.00000	0	0.00000	0	0.00000	0	0.00000	0	0.00000	0	0.00000	0	0.00000
Xylanimonas	186188	G	0	0.00000	0	0.00000	2394	0.00064	0	0.00000	0	0.00000	0	0.00000	0	0.00000	0	0.00000	0	0.00000	0	0.00000	0	0.00000	1408	0.00033	0	0.00000	0	0.00000	4188	0.00068	0	0.00000	1523	0.00048	0	0.00000	0	0.00000	0	0.00000	0	0.00000	0	0.00000	0	0.00000	0	0.00000	0	0.00000	0	0.00000	0	0.00000	0	0.00000	0	0.00000	0	0.00000
Georgenia	154116	G	0	0.00000	0	0.00000	2366	0.00064	0	0.00000	0	0.00000	0	0.00000	0	0.00000	0	0.00000	0	0.00000	0	0.00000	0	0.00000	1587	0.00038	0	0.00000	0	0.00000	4373	0.00071	0	0.00000	1636	0.00051	0	0.00000	0	0.00000	0	0.00000	0	0.00000	0	0.00000	0	0.00000	0	0.00000	0	0.00000	0	0.00000	0	0.00000	0	0.00000	0	0.00000	0	0.00000
Rhizobium	379	G	0	0.00000	0	0.00000	2230	0.00060	0	0.00000	0	0.00000	0	0.00000	0	0.00000	0	0.00000	0	0.00000	0	0.00000	0	0.00000	0	0.00000	0	0.00000	0	0.00000	3229	0.00053	0	0.00000	3839	0.00120	0	0.00000	0	0.00000	0	0.00000	0	0.00000	0	0.00000	0	0.00000	0	0.00000	0	0.00000	0	0.00000	0	0.00000	0	0.00000	0	0.00000	0	0.00000
Lentzea	165301	G	0	0.00000	0	0.00000	2180	0.00059	0	0.00000	0	0.00000	0	0.00000	0	0.00000	0	0.00000	0	0.00000	0	0.00000	0	0.00000	0	0.00000	0	0.00000	0	0.00000	3389	0.00055	0	0.00000	1216	0.00038	0	0.00000	0	0.00000	0	0.00000	0	0.00000	0	0.00000	0	0.00000	0	0.00000	0	0.00000	0	0.00000	0	0.00000	0	0.00000	0	0.00000	0	0.00000
Cupriavidus	106589	G	0	0.00000	0	0.00000	2112	0.00057	0	0.00000	0	0.00000	0	0.00000	0	0.00000	0	0.00000	0	0.00000	0	0.00000	0	0.00000	0	0.00000	0	0.00000	0	0.00000	3162	0.00052	0	0.00000	1523	0.00048	0	0.00000	0	0.00000	0	0.00000	0	0.00000	0	0.00000	0	0.00000	0	0.00000	0	0.00000	0	0.00000	0	0.00000	0	0.00000	0	0.00000	0	0.00000
Xanthomonas	338	G	0	0.00000	0	0.00000	2100	0.00057	0	0.00000	0	0.00000	0	0.00000	0	0.00000	0	0.00000	0	0.00000	0	0.00000	0	0.00000	0	0.00000	0	0.00000	0	0.00000	2632	0.00043	0	0.00000	1281	0.00040	0	0.00000	0	0.00000	0	0.00000	0	0.00000	0	0.00000	0	0.00000	0	0.00000	0	0.00000	0	0.00000	0	0.00000	0	0.00000	0	0.00000	0	0.00000
Micrococcus	1269	G	0	0.00000	0	0.00000	2027	0.00055	0	0.00000	0	0.00000	0	0.00000	0	0.00000	0	0.00000	0	0.00000	0	0.00000	0	0.00000	0	0.00000	0	0.00000	0	0.00000	4004	0.00065	0	0.00000	0	0.00000	0	0.00000	0	0.00000	0	0.00000	0	0.00000	0	0.00000	0	0.00000	0	0.00000	0	0.00000	0	0.00000	0	0.00000	0	0.00000	0	0.00000	0	0.00000
Dactylosporangium	35753	G	0	0.00000	0	0.00000	1982	0.00053	0	0.00000	0	0.00000	0	0.00000	0	0.00000	0	0.00000	0	0.00000	0	0.00000	0	0.00000	1111	0.00026	0	0.00000	0	0.00000	3172	0.00052	0	0.00000	1240	0.00039	0	0.00000	0	0.00000	0	0.00000	0	0.00000	0	0.00000	0	0.00000	0	0.00000	0	0.00000	0	0.00000	0	0.00000	0	0.00000	0	0.00000	0	0.00000
Cryobacterium	69578	G	0	0.00000	0	0.00000	1960	0.00053	0	0.00000	0	0.00000	0	0.00000	0	0.00000	0	0.00000	0	0.00000	0	0.00000	0	0.00000	1193	0.00028	0	0.00000	0	0.00000	3360	0.00055	0	0.00000	1242	0.00039	0	0.00000	0	0.00000	0	0.00000	0	0.00000	0	0.00000	0	0.00000	0	0.00000	0	0.00000	0	0.00000	0	0.00000	0	0.00000	0	0.00000	0	0.00000
Kitasatospora	2063	G	0	0.00000	0	0.00000	1957	0.00053	0	0.00000	0	0.00000	0	0.00000	0	0.00000	0	0.00000	0	0.00000	0	0.00000	0	0.00000	0	0.00000	0	0.00000	0	0.00000	3018	0.00049	0	0.00000	0	0.00000	0	0.00000	0	0.00000	0	0.00000	0	0.00000	0	0.00000	0	0.00000	0	0.00000	0	0.00000	0	0.00000	0	0.00000	0	0.00000	0	0.00000	0	0.00000
Pimelobacter	2044	G	0	0.00000	0	0.00000	1957	0.00053	0	0.00000	0	0.00000	0	0.00000	0	0.00000	0	0.00000	0	0.00000	0	0.00000	0	0.00000	0	0.00000	0	0.00000	0	0.00000	2975	0.00048	0	0.00000	0	0.00000	0	0.00000	0	0.00000	0	0.00000	0	0.00000	0	0.00000	0	0.00000	0	0.00000	0	0.00000	0	0.00000	0	0.00000	0	0.00000	0	0.00000	0	0.00000
Leifsonia	110932	G	0	0.00000	0	0.00000	1951	0.00053	0	0.00000	0	0.00000	0	0.00000	0	0.00000	0	0.00000	0	0.00000	0	0.00000	0	0.00000	1118	0.00027	0	0.00000	0	0.00000	3109	0.00051	0	0.00000	1135	0.00036	0	0.00000	0	0.00000	0	0.00000	0	0.00000	0	0.00000	0	0.00000	0	0.00000	0	0.00000	0	0.00000	0	0.00000	0	0.00000	0	0.00000	0	0.00000
Actinoalloteichus	65496	G	0	0.00000	0	0.00000	1808	0.00049	0	0.00000	0	0.00000	0	0.00000	0	0.00000	0	0.00000	0	0.00000	0	0.00000	0	0.00000	0	0.00000	0	0.00000	0	0.00000	2828	0.00046	0	0.00000	0	0.00000	0	0.00000	0	0.00000	0	0.00000	0	0.00000	0	0.00000	0	0.00000	0	0.00000	0	0.00000	0	0.00000	0	0.00000	0	0.00000	0	0.00000	0	0.00000
Jiangella	281472	G	0	0.00000	0	0.00000	1766	0.00048	0	0.00000	0	0.00000	0	0.00000	0	0.00000	0	0.00000	0	0.00000	0	0.00000	0	0.00000	0	0.00000	0	0.00000	0	0.00000	2925	0.00048	0	0.00000	0	0.00000	0	0.00000	0	0.00000	0	0.00000	0	0.00000	0	0.00000	0	0.00000	0	0.00000	0	0.00000	0	0.00000	0	0.00000	0	0.00000	0	0.00000	0	0.00000
Sanguibacter	60919	G	0	0.00000	0	0.00000	1747	0.00047	0	0.00000	0	0.00000	0	0.00000	0	0.00000	0	0.00000	0	0.00000	0	0.00000	0	0.00000	0	0.00000	0	0.00000	0	0.00000	2951	0.00048	0	0.00000	0	0.00000	0	0.00000	0	0.00000	0	0.00000	0	0.00000	0	0.00000	0	0.00000	0	0.00000	0	0.00000	0	0.00000	0	0.00000	0	0.00000	0	0.00000	0	0.00000
Tessaracoccus	72763	G	0	0.00000	0	0.00000	1700	0.00046	0	0.00000	0	0.00000	0	0.00000	0	0.00000	0	0.00000	0	0.00000	0	0.00000	0	0.00000	0	0.00000	0	0.00000	0	0.00000	2510	0.00041	0	0.00000	0	0.00000	0	0.00000	0	0.00000	0	0.00000	0	0.00000	0	0.00000	0	0.00000	0	0.00000	0	0.00000	0	0.00000	0	0.00000	0	0.00000	0	0.00000	0	0.00000
Isoptericola	254250	G	0	0.00000	0	0.00000	1634	0.00044	0	0.00000	0	0.00000	0	0.00000	0	0.00000	0	0.00000	0	0.00000	0	0.00000	0	0.00000	0	0.00000	0	0.00000	0	0.00000	2803	0.00046	0	0.00000	0	0.00000	0	0.00000	0	0.00000	0	0.00000	0	0.00000	0	0.00000	0	0.00000	0	0.00000	0	0.00000	0	0.00000	0	0.00000	0	0.00000	0	0.00000	0	0.00000
Modestobacter	88138	G	0	0.00000	0	0.00000	1629	0.00044	0	0.00000	0	0.00000	0	0.00000	0	0.00000	0	0.00000	0	0.00000	0	0.00000	0	0.00000	0	0.00000	0	0.00000	0	0.00000	2560	0.00042	0	0.00000	0	0.00000	0	0.00000	0	0.00000	0	0.00000	0	0.00000	0	0.00000	0	0.00000	0	0.00000	0	0.00000	0	0.00000	0	0.00000	0	0.00000	0	0.00000	0	0.00000
Paracoccus	265	G	0	0.00000	0	0.00000	1587	0.00043	0	0.00000	0	0.00000	0	0.00000	0	0.00000	0	0.00000	0	0.00000	0	0.00000	0	0.00000	0	0.00000	0	0.00000	0	0.00000	2230	0.00036	0	0.00000	0	0.00000	0	0.00000	0	0.00000	0	0.00000	0	0.00000	0	0.00000	0	0.00000	0	0.00000	0	0.00000	0	0.00000	0	0.00000	0	0.00000	0	0.00000	0	0.00000
Variovorax	34072	G	0	0.00000	0	0.00000	1585	0.00043	0	0.00000	0	0.00000	0	0.00000	0	0.00000	0	0.00000	0	0.00000	0	0.00000	0	0.00000	0	0.00000	0	0.00000	0	0.00000	2370	0.00039	0	0.00000	0	0.00000	0	0.00000	0	0.00000	0	0.00000	0	0.00000	0	0.00000	0	0.00000	0	0.00000	0	0.00000	0	0.00000	0	0.00000	0	0.00000	0	0.00000	0	0.00000
Pseudarthrobacter	1742993	G	0	0.00000	0	0.00000	1570	0.00042	0	0.00000	0	0.00000	0	0.00000	0	0.00000	0	0.00000	0	0.00000	0	0.00000	0	0.00000	0	0.00000	0	0.00000	0	0.00000	2589	0.00042	0	0.00000	0	0.00000	0	0.00000	0	0.00000	0	0.00000	0	0.00000	0	0.00000	0	0.00000	0	0.00000	0	0.00000	0	0.00000	0	0.00000	0	0.00000	0	0.00000	0	0.00000
Frankia	1854	G	0	0.00000	0	0.00000	1522	0.00041	0	0.00000	0	0.00000	0	0.00000	0	0.00000	0	0.00000	0	0.00000	0	0.00000	0	0.00000	0	0.00000	0	0.00000	0	0.00000	2546	0.00042	0	0.00000	0	0.00000	0	0.00000	0	0.00000	0	0.00000	0	0.00000	0	0.00000	0	0.00000	0	0.00000	0	0.00000	0	0.00000	0	0.00000	0	0.00000	0	0.00000	0	0.00000
Stenotrophomonas	40323	G	0	0.00000	0	0.00000	1512	0.00041	0	0.00000	0	0.00000	0	0.00000	0	0.00000	0	0.00000	0	0.00000	0	0.00000	0	0.00000	1343	0.00032	0	0.00000	0	0.00000	2098	0.00034	0	0.00000	1197	0.00037	0	0.00000	0	0.00000	0	0.00000	0	0.00000	0	0.00000	0	0.00000	0	0.00000	0	0.00000	0	0.00000	0	0.00000	0	0.00000	0	0.00000	0	0.00000
Ornithinimicrobium	125287	G	0	0.00000	0	0.00000	1475	0.00040	0	0.00000	0	0.00000	0	0.00000	0	0.00000	0	0.00000	0	0.00000	0	0.00000	0	0.00000	0	0.00000	0	0.00000	0	0.00000	2313	0.00038	0	0.00000	0	0.00000	0	0.00000	0	0.00000	0	0.00000	0	0.00000	0	0.00000	0	0.00000	0	0.00000	0	0.00000	0	0.00000	0	0.00000	0	0.00000	0	0.00000	0	0.00000
Microcella	337004	G	0	0.00000	0	0.00000	1474	0.00040	0	0.00000	0	0.00000	0	0.00000	0	0.00000	0	0.00000	0	0.00000	0	0.00000	0	0.00000	0	0.00000	0	0.00000	0	0.00000	2438	0.00040	0	0.00000	0	0.00000	0	0.00000	0	0.00000	0	0.00000	0	0.00000	0	0.00000	0	0.00000	0	0.00000	0	0.00000	0	0.00000	0	0.00000	0	0.00000	0	0.00000	0	0.00000
Jatrophihabitans	1434010	G	0	0.00000	0	0.00000	1373	0.00037	0	0.00000	0	0.00000	0	0.00000	0	0.00000	0	0.00000	0	0.00000	0	0.00000	0	0.00000	0	0.00000	0	0.00000	0	0.00000	1837	0.00030	0	0.00000	0	0.00000	0	0.00000	0	0.00000	0	0.00000	0	0.00000	0	0.00000	0	0.00000	0	0.00000	0	0.00000	0	0.00000	0	0.00000	0	0.00000	0	0.00000	0	0.00000
Hoyosella	697025	G	0	0.00000	0	0.00000	1368	0.00037	0	0.00000	0	0.00000	0	0.00000	0	0.00000	0	0.00000	0	0.00000	0	0.00000	0	0.00000	0	0.00000	0	0.00000	0	0.00000	2203	0.00036	0	0.00000	0	0.00000	0	0.00000	0	0.00000	0	0.00000	0	0.00000	0	0.00000	0	0.00000	0	0.00000	0	0.00000	0	0.00000	0	0.00000	0	0.00000	0	0.00000	0	0.00000
Paraoerskovia	665568	G	0	0.00000	0	0.00000	1366	0.00037	0	0.00000	0	0.00000	0	0.00000	0	0.00000	0	0.00000	0	0.00000	0	0.00000	0	0.00000	0	0.00000	0	0.00000	0	0.00000	2514	0.00041	0	0.00000	0	0.00000	0	0.00000	0	0.00000	0	0.00000	0	0.00000	0	0.00000	0	0.00000	0	0.00000	0	0.00000	0	0.00000	0	0.00000	0	0.00000	0	0.00000	0	0.00000
Serinicoccus	265976	G	0	0.00000	0	0.00000	1351	0.00036	0	0.00000	0	0.00000	0	0.00000	0	0.00000	0	0.00000	0	0.00000	0	0.00000	0	0.00000	0	0.00000	0	0.00000	0	0.00000	2165	0.00035	0	0.00000	0	0.00000	0	0.00000	0	0.00000	0	0.00000	0	0.00000	0	0.00000	0	0.00000	0	0.00000	0	0.00000	0	0.00000	0	0.00000	0	0.00000	0	0.00000	0	0.00000
Salinibacterium	235888	G	0	0.00000	0	0.00000	1345	0.00036	0	0.00000	0	0.00000	0	0.00000	0	0.00000	0	0.00000	0	0.00000	0	0.00000	0	0.00000	0	0.00000	0	0.00000	0	0.00000	2141	0.00035	0	0.00000	0	0.00000	0	0.00000	0	0.00000	0	0.00000	0	0.00000	0	0.00000	0	0.00000	0	0.00000	0	0.00000	0	0.00000	0	0.00000	0	0.00000	0	0.00000	0	0.00000
Azospirillum	191	G	0	0.00000	0	0.00000	1335	0.00036	0	0.00000	0	0.00000	0	0.00000	0	0.00000	0	0.00000	0	0.00000	0	0.00000	0	0.00000	0	0.00000	0	0.00000	0	0.00000	2038	0.00033	0	0.00000	1158	0.00036	0	0.00000	0	0.00000	0	0.00000	0	0.00000	0	0.00000	0	0.00000	0	0.00000	0	0.00000	0	0.00000	0	0.00000	0	0.00000	0	0.00000	0	0.00000
Bifidobacterium	1678	G	0	0.00000	0	0.00000	1334	0.00036	0	0.00000	0	0.00000	0	0.00000	0	0.00000	0	0.00000	0	0.00000	0	0.00000	0	0.00000	0	0.00000	0	0.00000	0	0.00000	2262	0.00037	0	0.00000	0	0.00000	0	0.00000	0	0.00000	0	0.00000	0	0.00000	0	0.00000	0	0.00000	0	0.00000	0	0.00000	0	0.00000	0	0.00000	0	0.00000	0	0.00000	0	0.00000
Lysobacter	68	G	0	0.00000	0	0.00000	1298	0.00035	0	0.00000	0	0.00000	0	0.00000	0	0.00000	0	0.00000	0	0.00000	0	0.00000	0	0.00000	0	0.00000	0	0.00000	0	0.00000	2019	0.00033	0	0.00000	0	0.00000	0	0.00000	0	0.00000	0	0.00000	0	0.00000	0	0.00000	0	0.00000	0	0.00000	0	0.00000	0	0.00000	0	0.00000	0	0.00000	0	0.00000	0	0.00000
Microlunatus	29404	G	0	0.00000	0	0.00000	1293	0.00035	0	0.00000	0	0.00000	0	0.00000	0	0.00000	0	0.00000	0	0.00000	0	0.00000	0	0.00000	0	0.00000	0	0.00000	0	0.00000	2057	0.00034	0	0.00000	0	0.00000	0	0.00000	0	0.00000	0	0.00000	0	0.00000	16175	0.00319	0	0.00000	0	0.00000	0	0.00000	0	0.00000	0	0.00000	0	0.00000	0	0.00000	0	0.00000
Umezawaea	583360	G	0	0.00000	0	0.00000	1280	0.00034	0	0.00000	0	0.00000	0	0.00000	0	0.00000	0	0.00000	0	0.00000	0	0.00000	0	0.00000	0	0.00000	0	0.00000	0	0.00000	2400	0.00039	0	0.00000	0	0.00000	0	0.00000	0	0.00000	0	0.00000	0	0.00000	0	0.00000	0	0.00000	0	0.00000	0	0.00000	0	0.00000	0	0.00000	0	0.00000	0	0.00000	0	0.00000
Dermacoccus	57495	G	0	0.00000	0	0.00000	1256	0.00034	0	0.00000	0	0.00000	0	0.00000	0	0.00000	0	0.00000	0	0.00000	0	0.00000	0	0.00000	0	0.00000	0	0.00000	0	0.00000	1899	0.00031	0	0.00000	0	0.00000	0	0.00000	0	0.00000	0	0.00000	0	0.00000	0	0.00000	0	0.00000	0	0.00000	0	0.00000	0	0.00000	0	0.00000	0	0.00000	0	0.00000	0	0.00000
Streptosporangium	2000	G	0	0.00000	0	0.00000	1247	0.00034	0	0.00000	0	0.00000	0	0.00000	0	0.00000	0	0.00000	0	0.00000	0	0.00000	0	0.00000	0	0.00000	0	0.00000	0	0.00000	1857	0.00030	0	0.00000	0	0.00000	0	0.00000	0	0.00000	0	0.00000	0	0.00000	0	0.00000	0	0.00000	0	0.00000	0	0.00000	0	0.00000	0	0.00000	0	0.00000	0	0.00000	0	0.00000
Sorangium	39643	G	0	0.00000	0	0.00000	1242	0.00033	0	0.00000	0	0.00000	0	0.00000	0	0.00000	0	0.00000	0	0.00000	0	0.00000	0	0.00000	0	0.00000	0	0.00000	0	0.00000	2134	0.00035	0	0.00000	0	0.00000	0	0.00000	0	0.00000	0	0.00000	0	0.00000	0	0.00000	0	0.00000	0	0.00000	0	0.00000	0	0.00000	0	0.00000	0	0.00000	0	0.00000	0	0.00000
Serratia	613	G	0	0.00000	0	0.00000	1189	0.00032	1198	0.00015	0	0.00000	1555	0.00029	1845	0.00037	0	0.00000	0	0.00000	0	0.00000	1379	0.00106	2338	0.00055	0	0.00000	0	0.00000	2530	0.00041	0	0.00000	1393	0.00044	4860	0.00075	1590	0.00038	1417	0.00055	15628	0.00284	1350	0.00027	1738	0.00211	5424	0.00204	0	0.00000	3397	0.00046	1209	0.00052	5578	0.00109	2110	0.00229	2371	0.00059
Protaetiibacter	2680004	G	0	0.00000	0	0.00000	1155	0.00031	0	0.00000	0	0.00000	0	0.00000	0	0.00000	0	0.00000	0	0.00000	0	0.00000	0	0.00000	0	0.00000	0	0.00000	0	0.00000	1981	0.00032	0	0.00000	0	0.00000	0	0.00000	0	0.00000	0	0.00000	0	0.00000	0	0.00000	0	0.00000	0	0.00000	0	0.00000	0	0.00000	0	0.00000	0	0.00000	0	0.00000	0	0.00000
Beutenbergia	84756	G	0	0.00000	0	0.00000	1121	0.00030	0	0.00000	0	0.00000	0	0.00000	0	0.00000	0	0.00000	0	0.00000	0	0.00000	0	0.00000	0	0.00000	0	0.00000	0	0.00000	2221	0.00036	0	0.00000	0	0.00000	0	0.00000	0	0.00000	0	0.00000	0	0.00000	0	0.00000	0	0.00000	0	0.00000	0	0.00000	0	0.00000	0	0.00000	0	0.00000	0	0.00000	0	0.00000
Ruania	626119	G	0	0.00000	0	0.00000	1098	0.00030	0	0.00000	0	0.00000	0	0.00000	0	0.00000	0	0.00000	0	0.00000	0	0.00000	0	0.00000	0	0.00000	0	0.00000	0	0.00000	1755	0.00029	0	0.00000	0	0.00000	0	0.00000	0	0.00000	0	0.00000	0	0.00000	0	0.00000	0	0.00000	0	0.00000	0	0.00000	0	0.00000	0	0.00000	0	0.00000	0	0.00000	0	0.00000
Frigoribacterium	96492	G	0	0.00000	0	0.00000	1072	0.00029	0	0.00000	0	0.00000	0	0.00000	0	0.00000	0	0.00000	0	0.00000	0	0.00000	0	0.00000	0	0.00000	0	0.00000	0	0.00000	1772	0.00029	0	0.00000	0	0.00000	0	0.00000	0	0.00000	0	0.00000	0	0.00000	0	0.00000	0	0.00000	0	0.00000	0	0.00000	0	0.00000	0	0.00000	0	0.00000	0	0.00000	0	0.00000
Conexibacter	191494	G	0	0.00000	0	0.00000	1052	0.00028	0	0.00000	0	0.00000	0	0.00000	0	0.00000	0	0.00000	0	0.00000	0	0.00000	0	0.00000	0	0.00000	0	0.00000	0	0.00000	1891	0.00031	0	0.00000	0	0.00000	0	0.00000	0	0.00000	0	0.00000	0	0.00000	0	0.00000	0	0.00000	0	0.00000	0	0.00000	0	0.00000	0	0.00000	0	0.00000	0	0.00000	0	0.00000
Anaeromyxobacter	161492	G	0	0.00000	0	0.00000	1051	0.00028	0	0.00000	0	0.00000	0	0.00000	0	0.00000	0	0.00000	0	0.00000	0	0.00000	0	0.00000	0	0.00000	0	0.00000	0	0.00000	1543	0.00025	0	0.00000	0	0.00000	0	0.00000	0	0.00000	0	0.00000	0	0.00000	0	0.00000	0	0.00000	0	0.00000	0	0.00000	0	0.00000	0	0.00000	0	0.00000	0	0.00000	0	0.00000
Escherichia	561	G	0	0.00000	0	0.00000	0	0.00000	14957	0.00184	0	0.00000	4276	0.00080	6703	0.00134	0	0.00000	0	0.00000	0	0.00000	10677	0.00820	6683	0.00158	0	0.00000	0	0.00000	7281	0.00119	0	0.00000	5642	0.00177	13310	0.00205	4826	0.00116	3854	0.00151	37363	0.00680	13816	0.00272	7260	0.00882	14332	0.00539	0	0.00000	9853	0.00135	3840	0.00164	14464	0.00284	7026	0.00764	7495	0.00185
Enterobacter	547	G	0	0.00000	0	0.00000	0	0.00000	3397	0.00042	0	0.00000	2758	0.00052	3417	0.00068	0	0.00000	0	0.00000	0	0.00000	4306	0.00331	4907	0.00116	0	0.00000	0	0.00000	6587	0.00107	0	0.00000	3652	0.00114	8239	0.00127	3136	0.00076	2768	0.00108	23329	0.00424	4755	0.00094	3197	0.00388	9056	0.00341	0	0.00000	5303	0.00072	2212	0.00094	8527	0.00167	3360	0.00365	4197	0.00104
Dickeya	204037	G	0	0.00000	0	0.00000	0	0.00000	0	0.00000	0	0.00000	1180	0.00022	1332	0.00027	0	0.00000	0	0.00000	0	0.00000	1098	0.00084	1781	0.00042	0	0.00000	0	0.00000	1833	0.00030	0	0.00000	0	0.00000	3734	0.00058	1198	0.00029	0	0.00000	12336	0.00224	0	0.00000	1342	0.00163	4270	0.00161	0	0.00000	2450	0.00033	0	0.00000	4060	0.00080	1693	0.00184	1819	0.00045
Salmonella	590	G	0	0.00000	0	0.00000	0	0.00000	0	0.00000	0	0.00000	0	0.00000	0	0.00000	0	0.00000	0	0.00000	0	0.00000	0	0.00000	2234	0.00053	0	0.00000	0	0.00000	0	0.00000	0	0.00000	0	0.00000	4640	0.00071	0	0.00000	0	0.00000	13274	0.00241	0	0.00000	0	0.00000	4644	0.00175	0	0.00000	3263	0.00045	0	0.00000	5264	0.00103	2169	0.00236	2297	0.00057
Citrobacter	544	G	0	0.00000	0	0.00000	0	0.00000	0	0.00000	0	0.00000	0	0.00000	0	0.00000	0	0.00000	0	0.00000	0	0.00000	0	0.00000	1547	0.00037	0	0.00000	0	0.00000	1462	0.00024	0	0.00000	0	0.00000	3251	0.00050	0	0.00000	0	0.00000	8978	0.00163	0	0.00000	0	0.00000	3241	0.00122	0	0.00000	2213	0.00030	0	0.00000	3468	0.00068	1537	0.00167	1479	0.00037
Brenneria	71655	G	0	0.00000	0	0.00000	0	0.00000	0	0.00000	0	0.00000	0	0.00000	0	0.00000	0	0.00000	0	0.00000	0	0.00000	0	0.00000	1251	0.00030	0	0.00000	0	0.00000	0	0.00000	0	0.00000	0	0.00000	2524	0.00039	0	0.00000	0	0.00000	8537	0.00155	0	0.00000	0	0.00000	3035	0.00114	0	0.00000	1716	0.00023	0	0.00000	2944	0.00058	1137	0.00124	1240	0.00031
Arsenophonus	637	G	0	0.00000	0	0.00000	0	0.00000	0	0.00000	0	0.00000	0	0.00000	0	0.00000	0	0.00000	0	0.00000	0	0.00000	0	0.00000	1066	0.00025	0	0.00000	0	0.00000	0	0.00000	0	0.00000	0	0.00000	2163	0.00033	0	0.00000	0	0.00000	6998	0.00127	0	0.00000	0	0.00000	2419	0.00091	0	0.00000	1426	0.00019	0	0.00000	2312	0.00045	0	0.00000	1094	0.00027
Miniimonas	947525	G	0	0.00000	0	0.00000	0	0.00000	0	0.00000	0	0.00000	0	0.00000	0	0.00000	0	0.00000	0	0.00000	0	0.00000	0	0.00000	0	0.00000	0	0.00000	0	0.00000	2629	0.00043	0	0.00000	0	0.00000	0	0.00000	0	0.00000	0	0.00000	0	0.00000	0	0.00000	0	0.00000	0	0.00000	0	0.00000	0	0.00000	0	0.00000	0	0.00000	0	0.00000	0	0.00000
Epidermidibacterium	2078948	G	0	0.00000	0	0.00000	0	0.00000	0	0.00000	0	0.00000	0	0.00000	0	0.00000	0	0.00000	0	0.00000	0	0.00000	0	0.00000	0	0.00000	0	0.00000	0	0.00000	2565	0.00042	0	0.00000	0	0.00000	0	0.00000	0	0.00000	0	0.00000	0	0.00000	0	0.00000	0	0.00000	0	0.00000	0	0.00000	0	0.00000	0	0.00000	0	0.00000	0	0.00000	0	0.00000
Glutamicibacter	1742989	G	0	0.00000	0	0.00000	0	0.00000	0	0.00000	0	0.00000	0	0.00000	0	0.00000	0	0.00000	0	0.00000	0	0.00000	0	0.00000	0	0.00000	0	0.00000	0	0.00000	2267	0.00037	0	0.00000	0	0.00000	0	0.00000	0	0.00000	0	0.00000	0	0.00000	0	0.00000	0	0.00000	0	0.00000	0	0.00000	0	0.00000	0	0.00000	0	0.00000	0	0.00000	0	0.00000
Citricoccus	169133	G	0	0.00000	0	0.00000	0	0.00000	0	0.00000	0	0.00000	0	0.00000	0	0.00000	0	0.00000	0	0.00000	0	0.00000	0	0.00000	0	0.00000	0	0.00000	0	0.00000	2168	0.00035	0	0.00000	0	0.00000	0	0.00000	0	0.00000	0	0.00000	0	0.00000	0	0.00000	0	0.00000	0	0.00000	0	0.00000	0	0.00000	0	0.00000	0	0.00000	0	0.00000	0	0.00000
Barrientosiimonas	1535207	G	0	0.00000	0	0.00000	0	0.00000	0	0.00000	0	0.00000	0	0.00000	0	0.00000	0	0.00000	0	0.00000	0	0.00000	0	0.00000	0	0.00000	0	0.00000	0	0.00000	2064	0.00034	0	0.00000	0	0.00000	0	0.00000	0	0.00000	0	0.00000	0	0.00000	0	0.00000	0	0.00000	0	0.00000	0	0.00000	0	0.00000	0	0.00000	0	0.00000	0	0.00000	0	0.00000
Bordetella	517	G	0	0.00000	0	0.00000	0	0.00000	0	0.00000	0	0.00000	0	0.00000	0	0.00000	0	0.00000	0	0.00000	0	0.00000	0	0.00000	0	0.00000	0	0.00000	0	0.00000	1887	0.00031	0	0.00000	0	0.00000	0	0.00000	0	0.00000	0	0.00000	0	0.00000	0	0.00000	0	0.00000	0	0.00000	0	0.00000	0	0.00000	0	0.00000	0	0.00000	0	0.00000	0	0.00000
Halorubrum	56688	G	0	0.00000	0	0.00000	0	0.00000	0	0.00000	0	0.00000	0	0.00000	0	0.00000	0	0.00000	0	0.00000	0	0.00000	0	0.00000	0	0.00000	0	0.00000	0	0.00000	1831	0.00030	0	0.00000	0	0.00000	0	0.00000	0	0.00000	0	0.00000	0	0.00000	0	0.00000	0	0.00000	0	0.00000	0	0.00000	0	0.00000	0	0.00000	0	0.00000	0	0.00000	0	0.00000
Blastococcus	38501	G	0	0.00000	0	0.00000	0	0.00000	0	0.00000	0	0.00000	0	0.00000	0	0.00000	0	0.00000	0	0.00000	0	0.00000	0	0.00000	0	0.00000	0	0.00000	0	0.00000	1766	0.00029	0	0.00000	0	0.00000	0	0.00000	0	0.00000	0	0.00000	0	0.00000	0	0.00000	0	0.00000	0	0.00000	0	0.00000	0	0.00000	0	0.00000	0	0.00000	0	0.00000	0	0.00000
Phycicoccus	367298	G	0	0.00000	0	0.00000	0	0.00000	0	0.00000	0	0.00000	0	0.00000	0	0.00000	0	0.00000	0	0.00000	0	0.00000	0	0.00000	0	0.00000	0	0.00000	0	0.00000	1758	0.00029	0	0.00000	0	0.00000	0	0.00000	0	0.00000	0	0.00000	0	0.00000	0	0.00000	0	0.00000	0	0.00000	0	0.00000	0	0.00000	0	0.00000	0	0.00000	0	0.00000	0	0.00000
Sphingobium	165695	G	0	0.00000	0	0.00000	0	0.00000	0	0.00000	0	0.00000	0	0.00000	0	0.00000	0	0.00000	0	0.00000	0	0.00000	0	0.00000	0	0.00000	0	0.00000	0	0.00000	1749	0.00029	0	0.00000	0	0.00000	0	0.00000	0	0.00000	0	0.00000	0	0.00000	0	0.00000	0	0.00000	0	0.00000	0	0.00000	0	0.00000	0	0.00000	0	0.00000	0	0.00000	0	0.00000
Frondihabitans	447237	G	0	0.00000	0	0.00000	0	0.00000	0	0.00000	0	0.00000	0	0.00000	0	0.00000	0	0.00000	0	0.00000	0	0.00000	0	0.00000	0	0.00000	0	0.00000	0	0.00000	1722	0.00028	0	0.00000	0	0.00000	0	0.00000	0	0.00000	0	0.00000	0	0.00000	0	0.00000	0	0.00000	0	0.00000	0	0.00000	0	0.00000	0	0.00000	0	0.00000	0	0.00000	0	0.00000
Propionibacterium	1743	G	0	0.00000	0	0.00000	0	0.00000	0	0.00000	0	0.00000	0	0.00000	0	0.00000	0	0.00000	0	0.00000	0	0.00000	0	0.00000	0	0.00000	0	0.00000	0	0.00000	1718	0.00028	0	0.00000	0	0.00000	0	0.00000	0	0.00000	0	0.00000	0	0.00000	0	0.00000	0	0.00000	0	0.00000	0	0.00000	0	0.00000	0	0.00000	0	0.00000	0	0.00000	0	0.00000
Novosphingobium	165696	G	0	0.00000	0	0.00000	0	0.00000	0	0.00000	0	0.00000	0	0.00000	0	0.00000	0	0.00000	0	0.00000	0	0.00000	0	0.00000	0	0.00000	0	0.00000	0	0.00000	1683	0.00027	0	0.00000	0	0.00000	0	0.00000	0	0.00000	0	0.00000	0	0.00000	0	0.00000	0	0.00000	0	0.00000	0	0.00000	0	0.00000	0	0.00000	0	0.00000	0	0.00000	0	0.00000
Phytohabitans	907364	G	0	0.00000	0	0.00000	0	0.00000	0	0.00000	0	0.00000	0	0.00000	0	0.00000	0	0.00000	0	0.00000	0	0.00000	0	0.00000	0	0.00000	0	0.00000	0	0.00000	1681	0.00027	0	0.00000	0	0.00000	0	0.00000	0	0.00000	0	0.00000	0	0.00000	0	0.00000	0	0.00000	0	0.00000	0	0.00000	0	0.00000	0	0.00000	0	0.00000	0	0.00000	0	0.00000
Thauera	33057	G	0	0.00000	0	0.00000	0	0.00000	0	0.00000	0	0.00000	0	0.00000	0	0.00000	0	0.00000	0	0.00000	0	0.00000	0	0.00000	0	0.00000	0	0.00000	0	0.00000	1649	0.00027	0	0.00000	0	0.00000	0	0.00000	0	0.00000	0	0.00000	0	0.00000	0	0.00000	0	0.00000	0	0.00000	0	0.00000	0	0.00000	0	0.00000	0	0.00000	0	0.00000	0	0.00000
Plantibacter	190323	G	0	0.00000	0	0.00000	0	0.00000	0	0.00000	0	0.00000	0	0.00000	0	0.00000	0	0.00000	0	0.00000	0	0.00000	0	0.00000	0	0.00000	0	0.00000	0	0.00000	1648	0.00027	0	0.00000	0	0.00000	0	0.00000	0	0.00000	0	0.00000	0	0.00000	0	0.00000	0	0.00000	0	0.00000	0	0.00000	0	0.00000	0	0.00000	0	0.00000	0	0.00000	0	0.00000
Demequina	577469	G	0	0.00000	0	0.00000	0	0.00000	0	0.00000	0	0.00000	0	0.00000	0	0.00000	0	0.00000	0	0.00000	0	0.00000	0	0.00000	0	0.00000	0	0.00000	0	0.00000	1603	0.00026	0	0.00000	0	0.00000	0	0.00000	0	0.00000	0	0.00000	0	0.00000	0	0.00000	0	0.00000	0	0.00000	0	0.00000	0	0.00000	0	0.00000	0	0.00000	0	0.00000	0	0.00000
Actinosynnema	40566	G	0	0.00000	0	0.00000	0	0.00000	0	0.00000	0	0.00000	0	0.00000	0	0.00000	0	0.00000	0	0.00000	0	0.00000	0	0.00000	0	0.00000	0	0.00000	0	0.00000	1589	0.00026	0	0.00000	0	0.00000	0	0.00000	0	0.00000	0	0.00000	0	0.00000	0	0.00000	0	0.00000	0	0.00000	0	0.00000	0	0.00000	0	0.00000	0	0.00000	0	0.00000	0	0.00000
Iamia	467975	G	0	0.00000	0	0.00000	0	0.00000	0	0.00000	0	0.00000	0	0.00000	0	0.00000	0	0.00000	0	0.00000	0	0.00000	0	0.00000	0	0.00000	0	0.00000	0	0.00000	1585	0.00026	0	0.00000	0	0.00000	0	0.00000	0	0.00000	0	0.00000	0	0.00000	0	0.00000	0	0.00000	0	0.00000	0	0.00000	0	0.00000	0	0.00000	0	0.00000	0	0.00000	0	0.00000
Allokutzneria	1137960	G	0	0.00000	0	0.00000	0	0.00000	0	0.00000	0	0.00000	0	0.00000	0	0.00000	0	0.00000	0	0.00000	0	0.00000	0	0.00000	0	0.00000	0	0.00000	0	0.00000	1571	0.00026	0	0.00000	0	0.00000	0	0.00000	0	0.00000	0	0.00000	0	0.00000	0	0.00000	0	0.00000	0	0.00000	0	0.00000	0	0.00000	0	0.00000	0	0.00000	0	0.00000	0	0.00000
Luteimicrobium	754249	G	0	0.00000	0	0.00000	0	0.00000	0	0.00000	0	0.00000	0	0.00000	0	0.00000	0	0.00000	0	0.00000	0	0.00000	0	0.00000	0	0.00000	0	0.00000	0	0.00000	1544	0.00025	0	0.00000	0	0.00000	0	0.00000	0	0.00000	0	0.00000	0	0.00000	0	0.00000	0	0.00000	0	0.00000	0	0.00000	0	0.00000	0	0.00000	0	0.00000	0	0.00000	0	0.00000
Halobaculum	43927	G	0	0.00000	0	0.00000	0	0.00000	0	0.00000	0	0.00000	0	0.00000	0	0.00000	0	0.00000	0	0.00000	0	0.00000	0	0.00000	0	0.00000	0	0.00000	0	0.00000	1544	0.00025	0	0.00000	0	0.00000	0	0.00000	0	0.00000	0	0.00000	0	0.00000	0	0.00000	0	0.00000	0	0.00000	0	0.00000	0	0.00000	0	0.00000	0	0.00000	0	0.00000	0	0.00000
Actinopolyspora	1849	G	0	0.00000	0	0.00000	0	0.00000	0	0.00000	0	0.00000	0	0.00000	0	0.00000	0	0.00000	0	0.00000	0	0.00000	0	0.00000	0	0.00000	0	0.00000	0	0.00000	1519	0.00025	0	0.00000	0	0.00000	0	0.00000	0	0.00000	0	0.00000	0	0.00000	0	0.00000	0	0.00000	0	0.00000	0	0.00000	0	0.00000	0	0.00000	0	0.00000	0	0.00000	0	0.00000
Crossiella	130795	G	0	0.00000	0	0.00000	0	0.00000	0	0.00000	0	0.00000	0	0.00000	0	0.00000	0	0.00000	0	0.00000	0	0.00000	0	0.00000	0	0.00000	0	0.00000	0	0.00000	1466	0.00024	0	0.00000	0	0.00000	0	0.00000	0	0.00000	0	0.00000	0	0.00000	0	0.00000	0	0.00000	0	0.00000	0	0.00000	0	0.00000	0	0.00000	0	0.00000	0	0.00000	0	0.00000
Kibdelosporangium	2029	G	0	0.00000	0	0.00000	0	0.00000	0	0.00000	0	0.00000	0	0.00000	0	0.00000	0	0.00000	0	0.00000	0	0.00000	0	0.00000	0	0.00000	0	0.00000	0	0.00000	1460	0.00024	0	0.00000	0	0.00000	0	0.00000	0	0.00000	0	0.00000	0	0.00000	0	0.00000	0	0.00000	0	0.00000	0	0.00000	0	0.00000	0	0.00000	0	0.00000	0	0.00000	0	0.00000
Segniliparus	286801	G	0	0.00000	0	0.00000	0	0.00000	0	0.00000	0	0.00000	0	0.00000	0	0.00000	0	0.00000	0	0.00000	0	0.00000	0	0.00000	0	0.00000	0	0.00000	0	0.00000	1439	0.00023	0	0.00000	0	0.00000	0	0.00000	0	0.00000	0	0.00000	0	0.00000	0	0.00000	0	0.00000	0	0.00000	0	0.00000	0	0.00000	0	0.00000	0	0.00000	0	0.00000	0	0.00000
Sinorhizobium	28105	G	0	0.00000	0	0.00000	0	0.00000	0	0.00000	0	0.00000	0	0.00000	0	0.00000	0	0.00000	0	0.00000	0	0.00000	0	0.00000	0	0.00000	0	0.00000	0	0.00000	1427	0.00023	0	0.00000	0	0.00000	0	0.00000	0	0.00000	0	0.00000	0	0.00000	0	0.00000	0	0.00000	0	0.00000	0	0.00000	0	0.00000	0	0.00000	0	0.00000	0	0.00000	0	0.00000
Bosea	85413	G	0	0.00000	0	0.00000	0	0.00000	0	0.00000	0	0.00000	0	0.00000	0	0.00000	0	0.00000	0	0.00000	0	0.00000	0	0.00000	0	0.00000	0	0.00000	0	0.00000	1411	0.00023	0	0.00000	0	0.00000	0	0.00000	0	0.00000	0	0.00000	0	0.00000	0	0.00000	0	0.00000	0	0.00000	0	0.00000	0	0.00000	0	0.00000	0	0.00000	0	0.00000	0	0.00000
Actinokineospora	39845	G	0	0.00000	0	0.00000	0	0.00000	0	0.00000	0	0.00000	0	0.00000	0	0.00000	0	0.00000	0	0.00000	0	0.00000	0	0.00000	0	0.00000	0	0.00000	0	0.00000	1382	0.00023	0	0.00000	0	0.00000	0	0.00000	0	0.00000	0	0.00000	0	0.00000	0	0.00000	0	0.00000	0	0.00000	0	0.00000	0	0.00000	0	0.00000	0	0.00000	0	0.00000	0	0.00000
Sandaracinus	1055688	G	0	0.00000	0	0.00000	0	0.00000	0	0.00000	0	0.00000	0	0.00000	0	0.00000	0	0.00000	0	0.00000	0	0.00000	0	0.00000	0	0.00000	0	0.00000	0	0.00000	1373	0.00022	0	0.00000	0	0.00000	0	0.00000	0	0.00000	0	0.00000	0	0.00000	0	0.00000	0	0.00000	0	0.00000	0	0.00000	0	0.00000	0	0.00000	0	0.00000	0	0.00000	0	0.00000
Streptomonospora	104204	G	0	0.00000	0	0.00000	0	0.00000	0	0.00000	0	0.00000	0	0.00000	0	0.00000	0	0.00000	0	0.00000	0	0.00000	0	0.00000	0	0.00000	0	0.00000	0	0.00000	1372	0.00022	0	0.00000	0	0.00000	0	0.00000	0	0.00000	0	0.00000	0	0.00000	0	0.00000	0	0.00000	0	0.00000	0	0.00000	0	0.00000	0	0.00000	0	0.00000	0	0.00000	0	0.00000
Raineyella	1911549	G	0	0.00000	0	0.00000	0	0.00000	0	0.00000	0	0.00000	0	0.00000	0	0.00000	0	0.00000	0	0.00000	0	0.00000	0	0.00000	0	0.00000	0	0.00000	0	0.00000	1368	0.00022	0	0.00000	0	0.00000	0	0.00000	0	0.00000	0	0.00000	0	0.00000	0	0.00000	0	0.00000	0	0.00000	0	0.00000	0	0.00000	0	0.00000	0	0.00000	0	0.00000	0	0.00000
Cnuibacter	1759331	G	0	0.00000	0	0.00000	0	0.00000	0	0.00000	0	0.00000	0	0.00000	0	0.00000	0	0.00000	0	0.00000	0	0.00000	0	0.00000	0	0.00000	0	0.00000	0	0.00000	1331	0.00022	0	0.00000	0	0.00000	0	0.00000	0	0.00000	0	0.00000	0	0.00000	0	0.00000	0	0.00000	0	0.00000	0	0.00000	0	0.00000	0	0.00000	0	0.00000	0	0.00000	0	0.00000
Thermobifida	83677	G	0	0.00000	0	0.00000	0	0.00000	0	0.00000	0	0.00000	0	0.00000	0	0.00000	0	0.00000	0	0.00000	0	0.00000	0	0.00000	0	0.00000	0	0.00000	0	0.00000	1323	0.00022	0	0.00000	0	0.00000	0	0.00000	0	0.00000	0	0.00000	0	0.00000	0	0.00000	0	0.00000	0	0.00000	0	0.00000	0	0.00000	0	0.00000	0	0.00000	0	0.00000	0	0.00000
Sinomonas	596707	G	0	0.00000	0	0.00000	0	0.00000	0	0.00000	0	0.00000	0	0.00000	0	0.00000	0	0.00000	0	0.00000	0	0.00000	0	0.00000	0	0.00000	0	0.00000	0	0.00000	1315	0.00021	0	0.00000	0	0.00000	0	0.00000	0	0.00000	0	0.00000	0	0.00000	0	0.00000	0	0.00000	0	0.00000	0	0.00000	0	0.00000	0	0.00000	0	0.00000	0	0.00000	0	0.00000
Kribbella	182639	G	0	0.00000	0	0.00000	0	0.00000	0	0.00000	0	0.00000	0	0.00000	0	0.00000	0	0.00000	0	0.00000	0	0.00000	0	0.00000	0	0.00000	0	0.00000	0	0.00000	1314	0.00021	0	0.00000	0	0.00000	0	0.00000	0	0.00000	0	0.00000	0	0.00000	0	0.00000	0	0.00000	0	0.00000	0	0.00000	0	0.00000	0	0.00000	0	0.00000	0	0.00000	0	0.00000
Actinocatenispora	390988	G	0	0.00000	0	0.00000	0	0.00000	0	0.00000	0	0.00000	0	0.00000	0	0.00000	0	0.00000	0	0.00000	0	0.00000	0	0.00000	0	0.00000	0	0.00000	0	0.00000	1261	0.00021	0	0.00000	0	0.00000	0	0.00000	0	0.00000	0	0.00000	0	0.00000	0	0.00000	0	0.00000	0	0.00000	0	0.00000	0	0.00000	0	0.00000	0	0.00000	0	0.00000	0	0.00000
Herbiconiux	881616	G	0	0.00000	0	0.00000	0	0.00000	0	0.00000	0	0.00000	0	0.00000	0	0.00000	0	0.00000	0	0.00000	0	0.00000	0	0.00000	0	0.00000	0	0.00000	0	0.00000	1254	0.00020	0	0.00000	0	0.00000	0	0.00000	0	0.00000	0	0.00000	0	0.00000	0	0.00000	0	0.00000	0	0.00000	0	0.00000	0	0.00000	0	0.00000	0	0.00000	0	0.00000	0	0.00000
Deinococcus	1298	G	0	0.00000	0	0.00000	0	0.00000	0	0.00000	0	0.00000	0	0.00000	0	0.00000	0	0.00000	0	0.00000	0	0.00000	0	0.00000	0	0.00000	0	0.00000	0	0.00000	1253	0.00020	0	0.00000	0	0.00000	0	0.00000	0	0.00000	0	0.00000	0	0.00000	17037	0.00336	0	0.00000	0	0.00000	0	0.00000	0	0.00000	0	0.00000	0	0.00000	0	0.00000	0	0.00000
Yimella	908935	G	0	0.00000	0	0.00000	0	0.00000	0	0.00000	0	0.00000	0	0.00000	0	0.00000	0	0.00000	0	0.00000	0	0.00000	0	0.00000	0	0.00000	0	0.00000	0	0.00000	1239	0.00020	0	0.00000	0	0.00000	0	0.00000	0	0.00000	0	0.00000	0	0.00000	0	0.00000	0	0.00000	0	0.00000	0	0.00000	0	0.00000	0	0.00000	0	0.00000	0	0.00000	0	0.00000
Caulobacter	75	G	0	0.00000	0	0.00000	0	0.00000	0	0.00000	0	0.00000	0	0.00000	0	0.00000	0	0.00000	0	0.00000	0	0.00000	0	0.00000	0	0.00000	0	0.00000	0	0.00000	1227	0.00020	0	0.00000	0	0.00000	0	0.00000	0	0.00000	0	0.00000	0	0.00000	0	0.00000	0	0.00000	0	0.00000	0	0.00000	0	0.00000	0	0.00000	0	0.00000	0	0.00000	0	0.00000
Yinghuangia	2805681	G	0	0.00000	0	0.00000	0	0.00000	0	0.00000	0	0.00000	0	0.00000	0	0.00000	0	0.00000	0	0.00000	0	0.00000	0	0.00000	0	0.00000	0	0.00000	0	0.00000	1226	0.00020	0	0.00000	0	0.00000	0	0.00000	0	0.00000	0	0.00000	0	0.00000	0	0.00000	0	0.00000	0	0.00000	0	0.00000	0	0.00000	0	0.00000	0	0.00000	0	0.00000	0	0.00000
Pandoraea	93217	G	0	0.00000	0	0.00000	0	0.00000	0	0.00000	0	0.00000	0	0.00000	0	0.00000	0	0.00000	0	0.00000	0	0.00000	0	0.00000	0	0.00000	0	0.00000	0	0.00000	1216	0.00020	0	0.00000	0	0.00000	0	0.00000	0	0.00000	0	0.00000	0	0.00000	0	0.00000	0	0.00000	0	0.00000	0	0.00000	0	0.00000	0	0.00000	0	0.00000	0	0.00000	0	0.00000
Rhodopseudomonas	1073	G	0	0.00000	0	0.00000	0	0.00000	0	0.00000	0	0.00000	0	0.00000	0	0.00000	0	0.00000	0	0.00000	0	0.00000	0	0.00000	0	0.00000	0	0.00000	0	0.00000	1201	0.00020	0	0.00000	0	0.00000	0	0.00000	0	0.00000	0	0.00000	0	0.00000	0	0.00000	0	0.00000	0	0.00000	0	0.00000	0	0.00000	0	0.00000	0	0.00000	0	0.00000	0	0.00000
Pseudoduganella	1522432	G	0	0.00000	0	0.00000	0	0.00000	0	0.00000	0	0.00000	0	0.00000	0	0.00000	0	0.00000	0	0.00000	0	0.00000	0	0.00000	0	0.00000	0	0.00000	0	0.00000	1154	0.00019	0	0.00000	0	0.00000	0	0.00000	0	0.00000	0	0.00000	0	0.00000	0	0.00000	0	0.00000	0	0.00000	0	0.00000	0	0.00000	0	0.00000	0	0.00000	0	0.00000	0	0.00000
Pararhizobium	1612611	G	0	0.00000	0	0.00000	0	0.00000	0	0.00000	0	0.00000	0	0.00000	0	0.00000	0	0.00000	0	0.00000	0	0.00000	0	0.00000	0	0.00000	0	0.00000	0	0.00000	0	0.00000	0	0.00000	4632	0.00145	3000	0.00046	0	0.00000	0	0.00000	0	0.00000	0	0.00000	0	0.00000	0	0.00000	0	0.00000	0	0.00000	0	0.00000	0	0.00000	0	0.00000	0	0.00000
Paracidovorax	3051137	G	0	0.00000	0	0.00000	0	0.00000	0	0.00000	0	0.00000	0	0.00000	0	0.00000	0	0.00000	0	0.00000	0	0.00000	0	0.00000	0	0.00000	0	0.00000	0	0.00000	0	0.00000	0	0.00000	3790	0.00119	1255	0.00019	0	0.00000	0	0.00000	0	0.00000	0	0.00000	0	0.00000	0	0.00000	0	0.00000	0	0.00000	0	0.00000	0	0.00000	0	0.00000	0	0.00000
Chitinophaga	79328	G	0	0.00000	0	0.00000	0	0.00000	0	0.00000	0	0.00000	0	0.00000	0	0.00000	0	0.00000	0	0.00000	0	0.00000	0	0.00000	0	0.00000	0	0.00000	0	0.00000	0	0.00000	0	0.00000	1731	0.00054	0	0.00000	0	0.00000	0	0.00000	0	0.00000	0	0.00000	0	0.00000	0	0.00000	0	0.00000	0	0.00000	0	0.00000	0	0.00000	0	0.00000	0	0.00000
Kosakonia	1330547	G	0	0.00000	0	0.00000	0	0.00000	0	0.00000	0	0.00000	0	0.00000	0	0.00000	0	0.00000	0	0.00000	0	0.00000	0	0.00000	0	0.00000	0	0.00000	0	0.00000	0	0.00000	0	0.00000	0	0.00000	1629	0.00025	0	0.00000	0	0.00000	5133	0.00093	0	0.00000	0	0.00000	1907	0.00072	0	0.00000	1119	0.00015	0	0.00000	1891	0.00037	0	0.00000	0	0.00000
Edwardsiella	635	G	0	0.00000	0	0.00000	0	0.00000	0	0.00000	0	0.00000	0	0.00000	0	0.00000	0	0.00000	0	0.00000	0	0.00000	0	0.00000	0	0.00000	0	0.00000	0	0.00000	0	0.00000	0	0.00000	0	0.00000	1431	0.00022	0	0.00000	0	0.00000	4242	0.00077	0	0.00000	0	0.00000	1195	0.00045	0	0.00000	0	0.00000	0	0.00000	1138	0.00022	0	0.00000	0	0.00000
Yersinia	629	G	0	0.00000	0	0.00000	0	0.00000	0	0.00000	0	0.00000	0	0.00000	0	0.00000	0	0.00000	0	0.00000	0	0.00000	0	0.00000	0	0.00000	0	0.00000	0	0.00000	0	0.00000	0	0.00000	0	0.00000	1404	0.00022	0	0.00000	0	0.00000	4356	0.00079	0	0.00000	0	0.00000	1484	0.00056	0	0.00000	0	0.00000	0	0.00000	1407	0.00028	0	0.00000	0	0.00000
Superficieibacter	2303321	G	0	0.00000	0	0.00000	0	0.00000	0	0.00000	0	0.00000	0	0.00000	0	0.00000	0	0.00000	0	0.00000	0	0.00000	0	0.00000	0	0.00000	0	0.00000	0	0.00000	0	0.00000	0	0.00000	0	0.00000	0	0.00000	0	0.00000	0	0.00000	1457	0.00026	0	0.00000	0	0.00000	0	0.00000	0	0.00000	0	0.00000	0	0.00000	0	0.00000	0	0.00000	0	0.00000
Cedecea	158483	G	0	0.00000	0	0.00000	0	0.00000	0	0.00000	0	0.00000	0	0.00000	0	0.00000	0	0.00000	0	0.00000	0	0.00000	0	0.00000	0	0.00000	0	0.00000	0	0.00000	0	0.00000	0	0.00000	0	0.00000	0	0.00000	0	0.00000	0	0.00000	1018	0.00019	0	0.00000	0	0.00000	0	0.00000	0	0.00000	0	0.00000	0	0.00000	0	0.00000	0	0.00000	0	0.00000
Roseomonas	125216	G	0	0.00000	0	0.00000	0	0.00000	0	0.00000	0	0.00000	0	0.00000	0	0.00000	0	0.00000	0	0.00000	0	0.00000	0	0.00000	0	0.00000	0	0.00000	0	0.00000	0	0.00000	0	0.00000	0	0.00000	0	0.00000	0	0.00000	0	0.00000	0	0.00000	3577	0.00071	0	0.00000	0	0.00000	0	0.00000	0	0.00000	0	0.00000	0	0.00000	0	0.00000	0	0.00000
Friedmanniella	53387	G	0	0.00000	0	0.00000	0	0.00000	0	0.00000	0	0.00000	0	0.00000	0	0.00000	0	0.00000	0	0.00000	0	0.00000	0	0.00000	0	0.00000	0	0.00000	0	0.00000	0	0.00000	0	0.00000	0	0.00000	0	0.00000	0	0.00000	0	0.00000	0	0.00000	3351	0.00066	0	0.00000	0	0.00000	0	0.00000	0	0.00000	0	0.00000	0	0.00000	0	0.00000	0	0.00000
Agrobacterium	357	G	0	0.00000	0	0.00000	0	0.00000	0	0.00000	0	0.00000	0	0.00000	0	0.00000	0	0.00000	0	0.00000	0	0.00000	0	0.00000	0	0.00000	0	0.00000	0	0.00000	0	0.00000	0	0.00000	0	0.00000	0	0.00000	0	0.00000	0	0.00000	0	0.00000	1945	0.00038	0	0.00000	0	0.00000	0	0.00000	0	0.00000	0	0.00000	0	0.00000	0	0.00000	0	0.00000
Methylorubrum	2282523	G	0	0.00000	0	0.00000	0	0.00000	0	0.00000	0	0.00000	0	0.00000	0	0.00000	0	0.00000	0	0.00000	0	0.00000	0	0.00000	0	0.00000	0	0.00000	0	0.00000	0	0.00000	0	0.00000	0	0.00000	0	0.00000	0	0.00000	0	0.00000	0	0.00000	1643	0.00032	0	0.00000	0	0.00000	0	0.00000	0	0.00000	0	0.00000	0	0.00000	0	0.00000	0	0.00000
Geodermatophilus	1860	G	0	0.00000	0	0.00000	0	0.00000	0	0.00000	0	0.00000	0	0.00000	0	0.00000	0	0.00000	0	0.00000	0	0.00000	0	0.00000	0	0.00000	0	0.00000	0	0.00000	0	0.00000	0	0.00000	0	0.00000	0	0.00000	0	0.00000	0	0.00000	0	0.00000	1516	0.00030	0	0.00000	0	0.00000	0	0.00000	0	0.00000	0	0.00000	0	0.00000	0	0.00000	0	0.00000
Cutibacterium	1912216	G	0	0.00000	0	0.00000	0	0.00000	0	0.00000	0	0.00000	0	0.00000	0	0.00000	0	0.00000	0	0.00000	0	0.00000	0	0.00000	0	0.00000	0	0.00000	0	0.00000	0	0.00000	0	0.00000	0	0.00000	0	0.00000	0	0.00000	0	0.00000	0	0.00000	0	0.00000	0	0.00000	0	0.00000	0	0.00000	0	0.00000	0	0.00000	1528	0.00030	0	0.00000	0	0.00000
